79014,serbs,1505448.0
79014,albanians,1252.0
79014,bosnians,1596.0
79014,bulgarians,1188.0
79014,bunjevci,172.0
79014,vlasi,182.0
79014,goranci,5328.0
79014,yugoslavs,8061.0
79014,hungarians,1810.0
79014,macedonians,6970.0
79014,muslims,3996.0
79014,germans,498.0
79014,roma,27325.0
79014,romanians,1282.0
79014,russians,1301.0
79014,rusini,245.0
79014,slovaks,2104.0
79014,slovenians,1539.0
79014,ukranians,418.0
79014,croats,7752.0
79014,montenegrins,9902.0
79014,rest,7083.0
79014,undeclared,38971.0
79014,regional_assoc,1289.0
79014,unkown,23728.0
70092,serbs,25496.0
70092,albanians,16.0
70092,bosnians,7.0
70092,bulgarians,9.0
70092,goranci,28.0
70092,yugoslavs,36.0
70092,hungarians,10.0
70092,macedonians,85.0
70092,muslims,35.0
70092,germans,6.0
70092,roma,252.0
70092,romanians,10.0
70092,russians,12.0
70092,rusini,2.0
70092,slovaks,7.0
70092,slovenians,10.0
70092,ukranians,6.0
70092,croats,55.0
70092,montenegrins,109.0
70092,rest,32.0
70092,undeclared,266.0
70092,regional_assoc,7.0
70092,unkown,614.0
70106,serbs,146607.0
70106,albanians,125.0
70106,bosnians,137.0
70106,bulgarians,102.0
70106,bunjevci,10.0
70106,vlasi,29.0
70106,goranci,328.0
70106,yugoslavs,678.0
70106,hungarians,163.0
70106,macedonians,727.0
70106,muslims,324.0
70106,germans,39.0
70106,roma,1169.0
70106,romanians,83.0
70106,russians,93.0
70106,rusini,19.0
70106,slovaks,66.0
70106,slovenians,156.0
70106,ukranians,34.0
70106,croats,615.0
70106,montenegrins,906.0
70106,rest,521.0
70106,undeclared,3619.0
70106,regional_assoc,119.0
70106,unkown,1544.0
70114,serbs,50561.0
70114,albanians,43.0
70114,bosnians,39.0
70114,bulgarians,24.0
70114,bunjevci,11.0
70114,vlasi,1.0
70114,goranci,122.0
70114,yugoslavs,601.0
70114,hungarians,62.0
70114,macedonians,176.0
70114,muslims,105.0
70114,germans,22.0
70114,roma,254.0
70114,romanians,34.0
70114,russians,71.0
70114,rusini,16.0
70114,slovaks,22.0
70114,slovenians,97.0
70114,ukranians,7.0
70114,croats,266.0
70114,montenegrins,530.0
70114,rest,328.0
70114,undeclared,1777.0
70114,regional_assoc,63.0
70114,unkown,1101.0
70122,serbs,78979.0
70122,albanians,13.0
70122,bosnians,69.0
70122,bulgarians,161.0
70122,vlasi,3.0
70122,goranci,394.0
70122,yugoslavs,96.0
70122,hungarians,65.0
70122,macedonians,374.0
70122,muslims,198.0
70122,germans,9.0
70122,roma,855.0
70122,romanians,34.0
70122,russians,58.0
70122,rusini,3.0
70122,slovaks,13.0
70122,slovenians,21.0
70122,ukranians,16.0
70122,croats,129.0
70122,montenegrins,256.0
70122,rest,121.0
70122,undeclared,941.0
70122,regional_assoc,31.0
70122,unkown,1068.0
70149,serbs,137132.0
70149,albanians,91.0
70149,bosnians,168.0
70149,bulgarians,165.0
70149,bunjevci,12.0
70149,vlasi,12.0
70149,goranci,372.0
70149,yugoslavs,695.0
70149,hungarians,180.0
70149,macedonians,723.0
70149,muslims,364.0
70149,germans,25.0
70149,roma,1644.0
70149,romanians,80.0
70149,russians,121.0
70149,rusini,13.0
70149,slovaks,78.0
70149,slovenians,121.0
70149,ukranians,34.0
70149,croats,486.0
70149,montenegrins,971.0
70149,rest,523.0
70149,undeclared,3878.0
70149,regional_assoc,119.0
70149,unkown,3801.0
70157,serbs,147810.0
70157,albanians,165.0
70157,bosnians,170.0
70157,bulgarians,81.0
70157,bunjevci,19.0
70157,vlasi,26.0
70157,goranci,383.0
70157,yugoslavs,995.0
70157,hungarians,205.0
70157,macedonians,557.0
70157,muslims,496.0
70157,germans,98.0
70157,roma,5599.0
70157,romanians,64.0
70157,russians,107.0
70157,rusini,38.0
70157,slovaks,170.0
70157,slovenians,156.0
70157,ukranians,85.0
70157,croats,1411.0
70157,montenegrins,748.0
70157,rest,1544.0
70157,undeclared,4821.0
70157,regional_assoc,209.0
70157,unkown,2213.0
70165,serbs,55987.0
70165,albanians,12.0
70165,bosnians,2.0
70165,bulgarians,9.0
70165,bunjevci,3.0
70165,vlasi,3.0
70165,goranci,9.0
70165,yugoslavs,45.0
70165,hungarians,21.0
70165,macedonians,66.0
70165,muslims,45.0
70165,germans,5.0
70165,roma,650.0
70165,romanians,29.0
70165,russians,20.0
70165,rusini,1.0
70165,slovaks,7.0
70165,slovenians,16.0
70165,ukranians,9.0
70165,croats,47.0
70165,montenegrins,166.0
70165,rest,35.0
70165,undeclared,426.0
70165,regional_assoc,3.0
70165,unkown,1006.0
70173,serbs,50231.0
70173,albanians,4.0
70173,bosnians,6.0
70173,bulgarians,25.0
70173,bunjevci,2.0
70173,goranci,17.0
70173,yugoslavs,68.0
70173,hungarians,33.0
70173,macedonians,94.0
70173,muslims,15.0
70173,germans,5.0
70173,roma,1022.0
70173,romanians,5.0
70173,russians,36.0
70173,rusini,1.0
70173,slovaks,4.0
70173,slovenians,11.0
70173,ukranians,6.0
70173,croats,65.0
70173,montenegrins,118.0
70173,rest,36.0
70173,undeclared,535.0
70173,regional_assoc,15.0
70173,unkown,742.0
70181,serbs,190834.0
70181,albanians,223.0
70181,bosnians,343.0
70181,bulgarians,111.0
70181,bunjevci,48.0
70181,vlasi,30.0
70181,goranci,304.0
70181,yugoslavs,1706.0
70181,hungarians,322.0
70181,macedonians,1221.0
70181,muslims,813.0
70181,germans,60.0
70181,roma,3020.0
70181,romanians,90.0
70181,russians,263.0
70181,rusini,66.0
70181,slovaks,177.0
70181,slovenians,394.0
70181,ukranians,42.0
70181,croats,1812.0
70181,montenegrins,2115.0
70181,rest,1415.0
70181,undeclared,7019.0
70181,regional_assoc,231.0
70181,unkown,1847.0
70190,serbs,67185.0
70190,albanians,17.0
70190,bosnians,14.0
70190,bulgarians,26.0
70190,bunjevci,7.0
70190,vlasi,1.0
70190,goranci,5.0
70190,yugoslavs,99.0
70190,hungarians,37.0
70190,macedonians,138.0
70190,muslims,73.0
70190,germans,11.0
70190,roma,1574.0
70190,romanians,43.0
70190,russians,31.0
70190,rusini,2.0
70190,slovaks,18.0
70190,slovenians,14.0
70190,ukranians,8.0
70190,croats,106.0
70190,montenegrins,200.0
70190,rest,131.0
70190,undeclared,1021.0
70190,regional_assoc,6.0
70190,unkown,1757.0
70203,serbs,152061.0
70203,albanians,223.0
70203,bosnians,304.0
70203,bulgarians,175.0
70203,bunjevci,12.0
70203,vlasi,23.0
70203,goranci,2376.0
70203,yugoslavs,863.0
70203,hungarians,296.0
70203,macedonians,953.0
70203,muslims,819.0
70203,germans,81.0
70203,roma,5607.0
70203,romanians,637.0
70203,russians,162.0
70203,rusini,15.0
70203,slovaks,103.0
70203,slovenians,137.0
70203,ukranians,73.0
70203,croats,687.0
70203,montenegrins,915.0
70203,rest,593.0
70203,undeclared,4294.0
70203,regional_assoc,136.0
70203,unkown,1976.0
70211,serbs,100937.0
70211,albanians,105.0
70211,bosnians,114.0
70211,bulgarians,71.0
70211,bunjevci,9.0
70211,vlasi,16.0
70211,goranci,338.0
70211,yugoslavs,400.0
70211,hungarians,103.0
70211,macedonians,536.0
70211,muslims,194.0
70211,germans,18.0
70211,roma,600.0
70211,romanians,40.0
70211,russians,67.0
70211,rusini,21.0
70211,slovaks,38.0
70211,slovenians,91.0
70211,ukranians,34.0
70211,croats,434.0
70211,montenegrins,780.0
70211,rest,333.0
70211,undeclared,2134.0
70211,regional_assoc,64.0
70211,unkown,1164.0
70220,serbs,34742.0
70220,albanians,23.0
70220,bosnians,38.0
70220,bulgarians,27.0
70220,bunjevci,6.0
70220,vlasi,5.0
70220,goranci,128.0
70220,yugoslavs,394.0
70220,hungarians,49.0
70220,macedonians,191.0
70220,muslims,68.0
70220,germans,21.0
70220,roma,237.0
70220,romanians,29.0
70220,russians,44.0
70220,rusini,4.0
70220,slovaks,33.0
70220,slovenians,58.0
70220,ukranians,7.0
70220,croats,251.0
70220,montenegrins,369.0
70220,rest,310.0
70220,undeclared,1419.0
70220,regional_assoc,38.0
70220,unkown,631.0
70238,serbs,19554.0
70238,albanians,9.0
70238,bulgarians,8.0
70238,bunjevci,2.0
70238,yugoslavs,31.0
70238,hungarians,13.0
70238,macedonians,37.0
70238,muslims,6.0
70238,germans,4.0
70238,roma,148.0
70238,romanians,10.0
70238,russians,14.0
70238,rusini,1.0
70238,slovaks,5.0
70238,slovenians,3.0
70238,ukranians,2.0
70238,croats,34.0
70238,montenegrins,52.0
70238,rest,20.0
70238,undeclared,141.0
70238,regional_assoc,6.0
70238,unkown,267.0
70246,serbs,43208.0
70246,albanians,63.0
70246,bosnians,40.0
70246,bulgarians,28.0
70246,bunjevci,12.0
70246,vlasi,14.0
70246,goranci,156.0
70246,yugoslavs,613.0
70246,hungarians,53.0
70246,macedonians,203.0
70246,muslims,97.0
70246,germans,31.0
70246,roma,116.0
70246,romanians,35.0
70246,russians,68.0
70246,rusini,11.0
70246,slovaks,34.0
70246,slovenians,84.0
70246,ukranians,11.0
70246,croats,268.0
70246,montenegrins,441.0
70246,rest,427.0
70246,undeclared,1805.0
70246,regional_assoc,93.0
70246,unkown,539.0
71293,serbs,37866.0
71293,albanians,12.0
71293,bosnians,8.0
71293,bulgarians,11.0
71293,bunjevci,1.0
71293,goranci,16.0
71293,yugoslavs,93.0
71293,hungarians,34.0
71293,macedonians,95.0
71293,muslims,102.0
71293,germans,13.0
71293,roma,1415.0
71293,romanians,3.0
71293,russians,14.0
71293,rusini,2.0
71293,slovaks,1254.0
71293,slovenians,14.0
71293,ukranians,12.0
71293,croats,373.0
71293,montenegrins,89.0
71293,rest,182.0
71293,undeclared,1066.0
71293,regional_assoc,56.0
71293,unkown,1088.0
70254,serbs,166258.0
70254,albanians,108.0
70254,bosnians,137.0
70254,bulgarians,155.0
70254,bunjevci,18.0
70254,vlasi,19.0
70254,goranci,352.0
70254,yugoslavs,648.0
70254,hungarians,164.0
70254,macedonians,794.0
70254,muslims,242.0
70254,germans,50.0
70254,roma,3163.0
70254,romanians,56.0
70254,russians,120.0
70254,rusini,30.0
70254,slovaks,75.0
70254,slovenians,156.0
70254,ukranians,32.0
70254,croats,713.0
70254,montenegrins,1137.0
70254,rest,532.0
70254,undeclared,3809.0
70254,regional_assoc,93.0
70254,unkown,2370.0
80381,serbs,54370.0
80381,albanians,118.0
80381,bosnians,22.0
80381,bulgarians,31.0
80381,bunjevci,2058.0
80381,vlasi,2.0
80381,goranci,67.0
80381,yugoslavs,852.0
80381,hungarians,9874.0
80381,macedonians,171.0
80381,muslims,91.0
80381,germans,494.0
80381,roma,1015.0
80381,romanians,89.0
80381,russians,41.0
80381,rusini,62.0
80381,slovaks,117.0
80381,slovenians,74.0
80381,ukranians,23.0
80381,croats,7070.0
80381,montenegrins,541.0
80381,rest,489.0
80381,undeclared,6534.0
80381,regional_assoc,1479.0
80381,unkown,219.0
80047,serbs,18164.0
80047,albanians,26.0
80047,bosnians,3.0
80047,bulgarians,2.0
80047,bunjevci,49.0
80047,vlasi,1.0
80047,goranci,8.0
80047,yugoslavs,188.0
80047,hungarians,3102.0
80047,macedonians,39.0
80047,muslims,29.0
80047,germans,182.0
80047,roma,654.0
80047,romanians,1148.0
80047,russians,10.0
80047,rusini,7.0
80047,slovaks,26.0
80047,slovenians,22.0
80047,ukranians,4.0
80047,croats,3015.0
80047,montenegrins,74.0
80047,rest,162.0
80047,undeclared,1557.0
80047,regional_assoc,242.0
80047,unkown,215.0
80233,serbs,25237.0
80233,albanians,50.0
80233,bosnians,6.0
80233,bulgarians,4.0
80233,bunjevci,42.0
80233,vlasi,6.0
80233,goranci,25.0
80233,yugoslavs,129.0
80233,hungarians,3412.0
80233,macedonians,138.0
80233,muslims,56.0
80233,germans,167.0
80233,roma,314.0
80233,romanians,3.0
80233,russians,23.0
80233,rusini,4588.0
80233,slovaks,118.0
80233,slovenians,44.0
80233,ukranians,1290.0
80233,croats,569.0
80233,montenegrins,4334.0
80233,rest,155.0
80233,undeclared,1951.0
80233,regional_assoc,319.0
80233,unkown,121.0
80306,serbs,25077.0
80306,albanians,32.0
80306,bosnians,2.0
80306,bulgarians,7.0
80306,bunjevci,13.0
80306,vlasi,3.0
80306,yugoslavs,105.0
80306,hungarians,1188.0
80306,macedonians,46.0
80306,muslims,11.0
80306,germans,60.0
80306,roma,1035.0
80306,romanians,100.0
80306,russians,11.0
80306,rusini,61.0
80306,slovaks,835.0
80306,slovenians,17.0
80306,ukranians,27.0
80306,croats,225.0
80306,montenegrins,121.0
80306,rest,46.0
80306,undeclared,700.0
80306,regional_assoc,302.0
80306,unkown,130.0
80314,serbs,97499.0
80314,albanians,68.0
80314,bosnians,102.0
80314,bulgarians,501.0
80314,bunjevci,13.0
80314,vlasi,10.0
80314,goranci,84.0
80314,yugoslavs,586.0
80314,hungarians,3422.0
80314,macedonians,4558.0
80314,muslims,414.0
80314,germans,196.0
80314,roma,2118.0
80314,romanians,3173.0
80314,russians,90.0
80314,rusini,14.0
80314,slovaks,1411.0
80314,slovenians,120.0
80314,ukranians,38.0
80314,croats,880.0
80314,montenegrins,529.0
80314,rest,450.0
80314,undeclared,4278.0
80314,regional_assoc,1185.0
80314,unkown,1675.0
80039,serbs,12234.0
80039,albanians,7.0
80039,bosnians,5.0
80039,bulgarians,12.0
80039,bunjevci,2.0
80039,vlasi,13.0
80039,goranci,1.0
80039,yugoslavs,47.0
80039,hungarians,227.0
80039,macedonians,115.0
80039,muslims,17.0
80039,germans,17.0
80039,roma,833.0
80039,romanians,4870.0
80039,russians,10.0
80039,slovaks,965.0
80039,slovenians,11.0
80039,ukranians,3.0
80039,croats,43.0
80039,montenegrins,37.0
80039,rest,23.0
80039,undeclared,344.0
80039,regional_assoc,64.0
80039,unkown,251.0
80098,serbs,12715.0
80098,albanians,11.0
80098,bosnians,10.0
80098,bulgarians,13.0
80098,bunjevci,1.0
80098,vlasi,1.0
80098,yugoslavs,52.0
80098,hungarians,425.0
80098,macedonians,97.0
80098,muslims,23.0
80098,germans,59.0
80098,roma,791.0
80098,romanians,842.0
80098,russians,16.0
80098,rusini,1.0
80098,slovaks,16.0
80098,slovenians,14.0
80098,ukranians,4.0
80098,croats,61.0
80098,montenegrins,66.0
80098,rest,666.0
80098,undeclared,747.0
80098,regional_assoc,238.0
80098,unkown,498.0
80128,serbs,37595.0
80128,albanians,73.0
80128,bosnians,19.0
80128,bulgarians,79.0
80128,bunjevci,3.0
80128,vlasi,6.0
80128,goranci,2.0
80128,yugoslavs,302.0
80128,hungarians,2263.0
80128,macedonians,472.0
80128,muslims,41.0
80128,germans,95.0
80128,roma,1368.0
80128,romanians,5420.0
80128,russians,26.0
80128,rusini,5.0
80128,slovaks,147.0
80128,slovenians,146.0
80128,ukranians,13.0
80128,croats,214.0
80128,montenegrins,139.0
80128,rest,242.0
80128,undeclared,1438.0
80128,regional_assoc,758.0
80128,unkown,1160.0
80217,serbs,8407.0
80217,albanians,59.0
80217,bosnians,4.0
80217,bulgarians,10.0
80217,bunjevci,1.0
80217,vlasi,3.0
80217,yugoslavs,62.0
80217,hungarians,2522.0
80217,macedonians,74.0
80217,muslims,10.0
80217,germans,14.0
80217,roma,806.0
80217,romanians,1543.0
80217,russians,10.0
80217,rusini,3.0
80217,slovaks,10577.0
80217,slovenians,4.0
80217,ukranians,5.0
80217,croats,48.0
80217,montenegrins,34.0
80217,rest,28.0
80217,undeclared,854.0
80217,regional_assoc,101.0
80217,unkown,95.0
80225,serbs,25150.0
80225,albanians,19.0
80225,bosnians,3.0
80225,bulgarians,121.0
80225,bunjevci,2.0
80225,vlasi,90.0
80225,goranci,3.0
80225,yugoslavs,84.0
80225,hungarians,3001.0
80225,macedonians,128.0
80225,muslims,69.0
80225,germans,47.0
80225,roma,1516.0
80225,romanians,1170.0
80225,russians,23.0
80225,rusini,2.0
80225,slovaks,14.0
80225,slovenians,33.0
80225,ukranians,6.0
80225,croats,65.0
80225,montenegrins,92.0
80225,rest,160.0
80225,undeclared,951.0
80225,regional_assoc,345.0
80225,unkown,628.0
80292,serbs,8994.0
80292,albanians,8.0
80292,bosnians,1.0
80292,bulgarians,5.0
80292,goranci,1.0
80292,yugoslavs,29.0
80292,hungarians,54.0
80292,macedonians,62.0
80292,muslims,5.0
80292,germans,18.0
80292,roma,312.0
80292,romanians,198.0
80292,russians,9.0
80292,slovaks,31.0
80292,slovenians,1.0
80292,ukranians,10.0
80292,croats,167.0
80292,montenegrins,12.0
80292,rest,21.0
80292,undeclared,152.0
80292,regional_assoc,203.0
80292,unkown,147.0
80349,serbs,5868.0
80349,albanians,5.0
80349,bulgarians,16.0
80349,bunjevci,8.0
80349,yugoslavs,16.0
80349,hungarians,1280.0
80349,macedonians,1042.0
80349,muslims,7.0
80349,germans,26.0
80349,roma,281.0
80349,romanians,784.0
80349,slovaks,616.0
80349,slovenians,29.0
80349,ukranians,5.0
80349,croats,34.0
80349,montenegrins,12.0
80349,rest,25.0
80349,undeclared,1027.0
80349,regional_assoc,83.0
80349,unkown,172.0
89010,serbs,269117.0
89010,albanians,356.0
89010,bosnians,149.0
89010,bulgarians,155.0
89010,bunjevci,287.0
89010,vlasi,13.0
89010,goranci,709.0
89010,yugoslavs,2355.0
89010,hungarians,13272.0
89010,macedonians,1111.0
89010,muslims,1138.0
89010,germans,429.0
89010,roma,3636.0
89010,romanians,891.0
89010,russians,329.0
89010,rusini,2160.0
89010,slovaks,6596.0
89010,slovenians,412.0
89010,ukranians,484.0
89010,croats,5335.0
89010,montenegrins,3444.0
89010,rest,1821.0
89010,undeclared,15923.0
89010,regional_assoc,9781.0
89010,unkown,1722.0
80284,serbs,241789.0
80284,albanians,328.0
80284,bosnians,131.0
80284,bulgarians,141.0
80284,bunjevci,257.0
80284,vlasi,11.0
80284,goranci,625.0
80284,yugoslavs,2088.0
80284,hungarians,12637.0
80284,macedonians,1015.0
80284,muslims,1102.0
80284,germans,388.0
80284,roma,3576.0
80284,romanians,832.0
80284,russians,290.0
80284,rusini,1952.0
80284,slovaks,6393.0
80284,slovenians,370.0
80284,ukranians,425.0
80284,croats,3781.0
80284,montenegrins,3186.0
80284,rest,1735.0
80284,undeclared,14262.0
80284,regional_assoc,8935.0
80284,unkown,1511.0
80519,serbs,27328.0
80519,albanians,28.0
80519,bosnians,18.0
80519,bulgarians,14.0
80519,bunjevci,30.0
80519,vlasi,2.0
80519,goranci,84.0
80519,yugoslavs,267.0
80519,hungarians,635.0
80519,macedonians,96.0
80519,muslims,36.0
80519,germans,41.0
80519,roma,60.0
80519,romanians,59.0
80519,russians,39.0
80519,rusini,208.0
80519,slovaks,203.0
80519,slovenians,42.0
80519,ukranians,59.0
80519,croats,1554.0
80519,montenegrins,258.0
80519,rest,86.0
80519,undeclared,1661.0
80519,regional_assoc,846.0
80519,unkown,211.0
80055,serbs,6750.0
80055,albanians,6.0
80055,bosnians,40.0
80055,bunjevci,5.0
80055,yugoslavs,87.0
80055,hungarians,958.0
80055,macedonians,15.0
80055,muslims,171.0
80055,germans,92.0
80055,roma,764.0
80055,romanians,304.0
80055,russians,14.0
80055,rusini,15.0
80055,slovaks,2845.0
80055,slovenians,4.0
80055,ukranians,82.0
80055,croats,1209.0
80055,montenegrins,45.0
80055,rest,87.0
80055,undeclared,723.0
80055,regional_assoc,148.0
80055,unkown,41.0
80063,serbs,43843.0
80063,albanians,72.0
80063,bosnians,11.0
80063,bulgarians,5.0
80063,bunjevci,22.0
80063,yugoslavs,160.0
80063,hungarians,1356.0
80063,macedonians,51.0
80063,muslims,69.0
80063,germans,105.0
80063,roma,1064.0
80063,romanians,6.0
80063,russians,25.0
80063,rusini,53.0
80063,slovaks,5047.0
80063,slovenians,39.0
80063,ukranians,27.0
80063,croats,819.0
80063,montenegrins,133.0
80063,rest,89.0
80063,undeclared,1870.0
80063,regional_assoc,501.0
80063,unkown,161.0
80080,serbs,3512.0
80080,albanians,26.0
80080,bosnians,3.0
80080,bulgarians,3.0
80080,yugoslavs,58.0
80080,hungarians,74.0
80080,macedonians,12.0
80080,muslims,13.0
80080,germans,10.0
80080,roma,108.0
80080,russians,3.0
80080,rusini,17.0
80080,slovaks,8772.0
80080,slovenians,10.0
80080,ukranians,6.0
80080,croats,91.0
80080,montenegrins,16.0
80080,rest,20.0
80080,undeclared,538.0
80080,regional_assoc,109.0
80080,unkown,17.0
80101,serbs,10956.0
80101,albanians,16.0
80101,bosnians,11.0
80101,bulgarians,5.0
80101,bunjevci,4.0
80101,yugoslavs,161.0
80101,hungarians,295.0
80101,macedonians,33.0
80101,muslims,37.0
80101,germans,45.0
80101,roma,1422.0
80101,romanians,14.0
80101,russians,17.0
80101,rusini,27.0
80101,slovaks,830.0
80101,slovenians,70.0
80101,ukranians,13.0
80101,croats,557.0
80101,montenegrins,61.0
80101,rest,52.0
80101,undeclared,721.0
80101,regional_assoc,260.0
80101,unkown,119.0
80110,serbs,15451.0
80110,albanians,81.0
80110,bosnians,12.0
80110,bulgarians,7.0
80110,bunjevci,13.0
80110,goranci,6.0
80110,yugoslavs,287.0
80110,hungarians,17309.0
80110,macedonians,49.0
80110,muslims,79.0
80110,germans,38.0
80110,roma,842.0
80110,romanians,8.0
80110,russians,7.0
80110,rusini,21.0
80110,slovaks,45.0
80110,slovenians,12.0
80110,ukranians,14.0
80110,croats,301.0
80110,montenegrins,107.0
80110,rest,76.0
80110,undeclared,1823.0
80110,regional_assoc,555.0
80110,unkown,208.0
80462,serbs,23251.0
80462,albanians,48.0
80462,bosnians,7.0
80462,bulgarians,13.0
80462,bunjevci,15.0
80462,yugoslavs,170.0
80462,hungarians,2464.0
80462,macedonians,149.0
80462,muslims,112.0
80462,germans,121.0
80462,roma,355.0
80462,romanians,5.0
80462,russians,46.0
80462,rusini,3375.0
80462,slovaks,286.0
80462,slovenians,35.0
80462,ukranians,836.0
80462,croats,549.0
80462,montenegrins,7353.0
80462,rest,226.0
80462,undeclared,2066.0
80462,regional_assoc,452.0
80462,unkown,158.0
80136,serbs,22134.0
80136,albanians,6.0
80136,bosnians,3.0
80136,bulgarians,1.0
80136,bunjevci,4.0
80136,vlasi,1.0
80136,yugoslavs,66.0
80136,hungarians,271.0
80136,macedonians,31.0
80136,muslims,12.0
80136,germans,20.0
80136,roma,1301.0
80136,romanians,8.0
80136,russians,12.0
80136,rusini,1198.0
80136,slovaks,34.0
80136,slovenians,4.0
80136,ukranians,45.0
80136,croats,137.0
80136,montenegrins,18.0
80136,rest,56.0
80136,undeclared,431.0
80136,regional_assoc,300.0
80136,unkown,41.0
80390,serbs,10709.0
80390,albanians,7.0
80390,bosnians,2.0
80390,bulgarians,2.0
80390,bunjevci,3.0
80390,yugoslavs,55.0
80390,hungarians,3387.0
80390,macedonians,27.0
80390,muslims,22.0
80390,germans,20.0
80390,roma,629.0
80390,romanians,8.0
80390,russians,9.0
80390,rusini,23.0
80390,slovaks,20.0
80390,slovenians,9.0
80390,ukranians,29.0
80390,croats,118.0
80390,montenegrins,82.0
80390,rest,30.0
80390,undeclared,594.0
80390,regional_assoc,447.0
80390,unkown,85.0
80411,serbs,6820.0
80411,albanians,6.0
80411,bulgarians,4.0
80411,bunjevci,4.0
80411,goranci,9.0
80411,yugoslavs,71.0
80411,hungarians,182.0
80411,macedonians,25.0
80411,muslims,3.0
80411,germans,63.0
80411,roma,14.0
80411,romanians,7.0
80411,russians,11.0
80411,rusini,16.0
80411,slovaks,29.0
80411,slovenians,15.0
80411,ukranians,7.0
80411,croats,576.0
80411,montenegrins,41.0
80411,rest,24.0
80411,undeclared,534.0
80411,regional_assoc,244.0
80411,unkown,45.0
80446,serbs,19112.0
80446,albanians,10.0
80446,bosnians,1.0
80446,bulgarians,3.0
80446,bunjevci,8.0
80446,yugoslavs,122.0
80446,hungarians,7460.0
80446,macedonians,28.0
80446,muslims,18.0
80446,germans,16.0
80446,roma,83.0
80446,romanians,12.0
80446,russians,7.0
80446,rusini,51.0
80446,slovaks,67.0
80446,slovenians,16.0
80446,ukranians,20.0
80446,croats,165.0
80446,montenegrins,53.0
80446,rest,20.0
80446,undeclared,664.0
80446,regional_assoc,262.0
80446,unkown,89.0
80454,serbs,13615.0
80454,albanians,24.0
80454,bulgarians,16.0
80454,bunjevci,3.0
80454,yugoslavs,50.0
80454,hungarians,822.0
80454,macedonians,53.0
80454,muslims,3.0
80454,germans,19.0
80454,roma,264.0
80454,romanians,7.0
80454,russians,8.0
80454,rusini,18.0
80454,slovaks,99.0
80454,slovenians,11.0
80454,ukranians,3.0
80454,croats,165.0
80454,montenegrins,25.0
80454,rest,18.0
80454,undeclared,295.0
80454,regional_assoc,191.0
80454,unkown,29.0
80209,serbs,44846.0
80209,albanians,75.0
80209,bosnians,14.0
80209,bulgarians,18.0
80209,bunjevci,6.0
80209,vlasi,1.0
80209,goranci,5.0
80209,yugoslavs,331.0
80209,hungarians,7270.0
80209,macedonians,126.0
80209,muslims,74.0
80209,germans,87.0
80209,roma,1981.0
80209,romanians,95.0
80209,russians,13.0
80209,rusini,12.0
80209,slovaks,45.0
80209,slovenians,39.0
80209,ukranians,23.0
80209,croats,204.0
80209,montenegrins,99.0
80209,rest,56.0
80209,undeclared,2310.0
80209,regional_assoc,1190.0
80209,unkown,533.0
80012,serbs,2956.0
80012,albanians,25.0
80012,bunjevci,6.0
80012,vlasi,1.0
80012,yugoslavs,74.0
80012,hungarians,12750.0
80012,muslims,13.0
80012,germans,11.0
80012,roma,323.0
80012,romanians,11.0
80012,russians,3.0
80012,rusini,4.0
80012,slovaks,18.0
80012,slovenians,3.0
80012,ukranians,4.0
80012,croats,50.0
80012,montenegrins,8.0
80012,rest,10.0
80012,undeclared,388.0
80012,regional_assoc,84.0
80012,unkown,249.0
80195,serbs,1830.0
80195,albanians,79.0
80195,bosnians,1.0
80195,bunjevci,33.0
80195,vlasi,1.0
80195,yugoslavs,51.0
80195,hungarians,21576.0
80195,macedonians,4.0
80195,muslims,9.0
80195,germans,9.0
80195,roma,596.0
80195,romanians,268.0
80195,russians,1.0
80195,rusini,1.0
80195,slovaks,7.0
80195,slovenians,7.0
80195,croats,67.0
80195,montenegrins,33.0
80195,rest,21.0
80195,undeclared,590.0
80195,regional_assoc,49.0
80195,unkown,110.0
80276,serbs,6445.0
80276,albanians,13.0
80276,bosnians,1.0
80276,bulgarians,1.0
80276,bunjevci,12.0
80276,vlasi,1.0
80276,yugoslavs,47.0
80276,hungarians,3217.0
80276,macedonians,21.0
80276,muslims,6.0
80276,germans,10.0
80276,roma,923.0
80276,romanians,2.0
80276,russians,8.0
80276,rusini,1.0
80276,slovaks,10.0
80276,slovenians,7.0
80276,ukranians,4.0
80276,croats,64.0
80276,montenegrins,40.0
80276,rest,8.0
80276,undeclared,290.0
80276,regional_assoc,93.0
80276,unkown,45.0
80365,serbs,2533.0
80365,albanians,62.0
80365,bosnians,13.0
80365,bulgarians,1.0
80365,bunjevci,21.0
80365,goranci,4.0
80365,yugoslavs,107.0
80365,hungarians,18441.0
80365,macedonians,27.0
80365,muslims,13.0
80365,germans,13.0
80365,roma,595.0
80365,romanians,3.0
80365,russians,11.0
80365,rusini,13.0
80365,slovaks,31.0
80365,slovenians,9.0
80365,ukranians,6.0
80365,croats,84.0
80365,montenegrins,48.0
80365,rest,20.0
80365,undeclared,673.0
80365,regional_assoc,122.0
80365,unkown,466.0
80489,serbs,4437.0
80489,albanians,10.0
80489,bunjevci,5.0
80489,goranci,5.0
80489,yugoslavs,55.0
80489,hungarians,5661.0
80489,macedonians,20.0
80489,muslims,20.0
80489,germans,7.0
80489,roma,351.0
80489,romanians,42.0
80489,russians,2.0
80489,rusini,3.0
80489,slovaks,96.0
80489,slovenians,14.0
80489,ukranians,2.0
80489,croats,61.0
80489,montenegrins,19.0
80489,rest,107.0
80489,undeclared,408.0
80489,regional_assoc,52.0
80489,unkown,21.0
80438,serbs,38254.0
80438,albanians,383.0
80438,bosnians,216.0
80438,bulgarians,76.0
80438,bunjevci,13553.0
80438,vlasi,2.0
80438,goranci,151.0
80438,yugoslavs,3202.0
80438,hungarians,50469.0
80438,macedonians,482.0
80438,muslims,334.0
80438,germans,260.0
80438,roma,2959.0
80438,romanians,67.0
80438,russians,76.0
80438,rusini,172.0
80438,slovaks,158.0
80438,slovenians,169.0
80438,ukranians,46.0
80438,croats,14151.0
80438,montenegrins,1349.0
80438,rest,580.0
80438,undeclared,11815.0
80438,regional_assoc,2067.0
80438,unkown,563.0
80071,serbs,9830.0
80071,albanians,60.0
80071,bosnians,6.0
80071,bunjevci,206.0
80071,goranci,14.0
80071,yugoslavs,200.0
80071,hungarians,19307.0
80071,macedonians,39.0
80071,muslims,46.0
80071,germans,41.0
80071,roma,100.0
80071,romanians,7.0
80071,russians,3.0
80071,rusini,254.0
80071,slovaks,120.0
80071,slovenians,50.0
80071,ukranians,20.0
80071,croats,330.0
80071,montenegrins,349.0
80071,rest,53.0
80071,undeclared,1207.0
80071,regional_assoc,333.0
80071,unkown,746.0
80241,serbs,2388.0
80241,albanians,43.0
80241,bosnians,3.0
80241,bulgarians,4.0
80241,bunjevci,13.0
80241,yugoslavs,24.0
80241,hungarians,6486.0
80241,macedonians,20.0
80241,muslims,33.0
80241,germans,13.0
80241,roma,283.0
80241,romanians,2.0
80241,russians,8.0
80241,rusini,30.0
80241,slovaks,4.0
80241,slovenians,8.0
80241,ukranians,15.0
80241,croats,55.0
80241,montenegrins,1956.0
80241,rest,123.0
80241,undeclared,371.0
80241,regional_assoc,64.0
80241,unkown,85.0
80152,serbs,91579.0
80152,albanians,110.0
80152,bosnians,30.0
80152,bulgarians,184.0
80152,bunjevci,22.0
80152,vlasi,5.0
80152,goranci,19.0
80152,yugoslavs,592.0
80152,hungarians,12350.0
80152,macedonians,412.0
80152,muslims,86.0
80152,germans,139.0
80152,roma,3410.0
80152,romanians,2161.0
80152,russians,79.0
80152,rusini,25.0
80152,slovaks,2062.0
80152,slovenians,94.0
80152,ukranians,26.0
80152,croats,527.0
80152,montenegrins,280.0
80152,rest,242.0
80152,undeclared,4695.0
80152,regional_assoc,3366.0
80152,unkown,867.0
80144,serbs,10436.0
80144,albanians,6.0
80144,bulgarians,17.0
80144,bunjevci,4.0
80144,goranci,13.0
80144,yugoslavs,38.0
80144,hungarians,3371.0
80144,macedonians,8.0
80144,muslims,4.0
80144,germans,13.0
80144,roma,832.0
80144,romanians,1412.0
80144,russians,1.0
80144,rusini,1.0
80144,slovaks,5.0
80144,slovenians,3.0
80144,ukranians,1.0
80144,croats,63.0
80144,montenegrins,22.0
80144,rest,14.0
80144,undeclared,409.0
80144,regional_assoc,116.0
80144,unkown,52.0
80250,serbs,6922.0
80250,albanians,2.0
80250,bosnians,2.0
80250,bulgarians,6.0
80250,bunjevci,1.0
80250,yugoslavs,6.0
80250,hungarians,1819.0
80250,macedonians,20.0
80250,muslims,4.0
80250,germans,14.0
80250,roma,1016.0
80250,romanians,16.0
80250,russians,2.0
80250,rusini,1.0
80250,slovaks,1.0
80250,slovenians,1.0
80250,ukranians,2.0
80250,croats,27.0
80250,montenegrins,25.0
80250,rest,7.0
80250,undeclared,212.0
80250,regional_assoc,68.0
80250,unkown,98.0
80268,serbs,16132.0
80268,albanians,72.0
80268,bosnians,3.0
80268,bulgarians,4.0
80268,bunjevci,3.0
80268,vlasi,1.0
80268,yugoslavs,83.0
80268,hungarians,4319.0
80268,macedonians,42.0
80268,muslims,11.0
80268,germans,14.0
80268,roma,1295.0
80268,romanians,59.0
80268,russians,14.0
80268,rusini,4.0
80268,slovaks,15.0
80268,slovenians,8.0
80268,ukranians,2.0
80268,croats,66.0
80268,montenegrins,27.0
80268,rest,29.0
80268,undeclared,838.0
80268,regional_assoc,306.0
80268,unkown,578.0
80373,serbs,9195.0
80373,albanians,4.0
80373,bulgarians,87.0
80373,bunjevci,3.0
80373,vlasi,1.0
80373,goranci,11.0
80373,yugoslavs,50.0
80373,hungarians,1691.0
80373,macedonians,39.0
80373,muslims,11.0
80373,germans,39.0
80373,roma,714.0
80373,romanians,566.0
80373,russians,12.0
80373,rusini,1.0
80373,slovaks,52.0
80373,slovenians,7.0
80373,ukranians,2.0
80373,croats,113.0
80373,montenegrins,24.0
80373,rest,9.0
80373,undeclared,439.0
80373,regional_assoc,150.0
80373,unkown,47.0
80403,serbs,69849.0
80403,albanians,69.0
80403,bosnians,28.0
80403,bulgarians,22.0
80403,bunjevci,2.0
80403,vlasi,1.0
80403,goranci,6.0
80403,yugoslavs,290.0
80403,hungarians,696.0
80403,macedonians,126.0
80403,muslims,50.0
80403,germans,103.0
80403,roma,1194.0
80403,romanians,48.0
80403,russians,50.0
80403,rusini,620.0
80403,slovaks,281.0
80403,slovenians,60.0
80403,ukranians,534.0
80403,croats,2112.0
80403,montenegrins,131.0
80403,rest,153.0
80403,undeclared,2375.0
80403,regional_assoc,645.0
80403,unkown,495.0
80179,serbs,40871.0
80179,albanians,15.0
80179,bosnians,8.0
80179,bulgarians,13.0
80179,bunjevci,11.0
80179,vlasi,3.0
80179,goranci,3.0
80179,yugoslavs,210.0
80179,hungarians,829.0
80179,macedonians,71.0
80179,muslims,19.0
80179,germans,34.0
80179,roma,426.0
80179,romanians,10.0
80179,russians,39.0
80179,rusini,6.0
80179,slovaks,380.0
80179,slovenians,46.0
80179,ukranians,391.0
80179,croats,1569.0
80179,montenegrins,117.0
80179,rest,100.0
80179,undeclared,1630.0
80179,regional_assoc,426.0
80179,unkown,206.0
80187,serbs,8534.0
80187,albanians,8.0
80187,bulgarians,7.0
80187,bunjevci,1.0
80187,goranci,4.0
80187,yugoslavs,75.0
80187,hungarians,762.0
80187,macedonians,18.0
80187,muslims,20.0
80187,germans,15.0
80187,roma,166.0
80187,romanians,8.0
80187,russians,4.0
80187,rusini,7.0
80187,slovaks,16.0
80187,slovenians,78.0
80187,ukranians,9.0
80187,croats,232.0
80187,montenegrins,21.0
80187,rest,20.0
80187,undeclared,490.0
80187,regional_assoc,111.0
80187,unkown,260.0
80322,serbs,17965.0
80322,albanians,5.0
80322,bosnians,11.0
80322,bulgarians,8.0
80322,vlasi,1.0
80322,goranci,4.0
80322,yugoslavs,22.0
80322,hungarians,21.0
80322,macedonians,33.0
80322,muslims,11.0
80322,germans,7.0
80322,roma,1008.0
80322,romanians,4.0
80322,russians,11.0
80322,rusini,6.0
80322,slovaks,79.0
80322,slovenians,1.0
80322,ukranians,3.0
80322,croats,42.0
80322,montenegrins,22.0
80322,rest,8.0
80322,undeclared,236.0
80322,regional_assoc,86.0
80322,unkown,126.0
80357,serbs,46891.0
80357,albanians,57.0
80357,bosnians,6.0
80357,bulgarians,10.0
80357,bunjevci,1.0
80357,vlasi,1.0
80357,yugoslavs,267.0
80357,hungarians,1171.0
80357,macedonians,153.0
80357,muslims,39.0
80357,germans,49.0
80357,roma,1297.0
80357,romanians,7.0
80357,russians,10.0
80357,rusini,14.0
80357,slovaks,50.0
80357,slovenians,26.0
80357,ukranians,24.0
80357,croats,1719.0
80357,montenegrins,54.0
80357,rest,60.0
80357,undeclared,1696.0
80357,regional_assoc,379.0
80357,unkown,358.0
80420,serbs,54516.0
80420,albanians,9.0
80420,bosnians,17.0
80420,bulgarians,12.0
80420,bunjevci,4.0
80420,vlasi,2.0
80420,goranci,21.0
80420,yugoslavs,206.0
80420,hungarians,131.0
80420,macedonians,179.0
80420,muslims,83.0
80420,germans,27.0
80420,roma,1193.0
80420,romanians,8.0
80420,russians,52.0
80420,rusini,9.0
80420,slovaks,5212.0
80420,slovenians,27.0
80420,ukranians,47.0
80420,croats,1336.0
80420,montenegrins,122.0
80420,rest,78.0
80420,undeclared,1838.0
80420,regional_assoc,180.0
80420,unkown,483.0
80497,serbs,26646.0
80497,albanians,10.0
80497,bosnians,5.0
80497,bulgarians,4.0
80497,bunjevci,2.0
80497,goranci,4.0
80497,yugoslavs,152.0
80497,hungarians,179.0
80497,macedonians,26.0
80497,muslims,24.0
80497,germans,14.0
80497,roma,204.0
80497,romanians,4.0
80497,russians,17.0
80497,rusini,1027.0
80497,slovaks,2136.0
80497,slovenians,6.0
80497,ukranians,47.0
80497,croats,1748.0
80497,montenegrins,26.0
80497,rest,26.0
80497,undeclared,1393.0
80497,regional_assoc,111.0
80497,unkown,377.0
71145,serbs,76089.0
71145,albanians,10.0
71145,bosnians,8.0
71145,bulgarians,3.0
71145,bunjevci,2.0
71145,goranci,3.0
71145,yugoslavs,80.0
71145,hungarians,22.0
71145,macedonians,47.0
71145,muslims,37.0
71145,germans,3.0
71145,roma,70.0
71145,romanians,4.0
71145,russians,33.0
71145,slovaks,5.0
71145,slovenians,12.0
71145,ukranians,2.0
71145,croats,69.0
71145,montenegrins,144.0
71145,rest,37.0
71145,undeclared,755.0
71145,regional_assoc,12.0
71145,unkown,593.0
70041,serbs,18407.0
70041,albanians,2.0
70041,bosnians,4.0
70041,bulgarians,8.0
70041,yugoslavs,4.0
70041,hungarians,2.0
70041,macedonians,9.0
70041,muslims,10.0
70041,roma,120.0
70041,russians,3.0
70041,rusini,1.0
70041,slovaks,1.0
70041,ukranians,5.0
70041,croats,8.0
70041,montenegrins,22.0
70041,rest,9.0
70041,undeclared,132.0
70041,unkown,45.0
70068,serbs,25638.0
70068,albanians,8.0
70068,bosnians,1.0
70068,bulgarians,1.0
70068,goranci,1.0
70068,yugoslavs,17.0
70068,hungarians,3.0
70068,macedonians,13.0
70068,muslims,9.0
70068,germans,1.0
70068,roma,1.0
70068,romanians,1.0
70068,russians,10.0
70068,slovaks,4.0
70068,slovenians,2.0
70068,ukranians,1.0
70068,croats,13.0
70068,montenegrins,43.0
70068,rest,8.0
70068,undeclared,121.0
70068,regional_assoc,3.0
70068,unkown,123.0
70629,serbs,11879.0
70629,albanians,1.0
70629,bulgarians,1.0
70629,yugoslavs,4.0
70629,macedonians,4.0
70629,muslims,2.0
70629,roma,1.0
70629,russians,1.0
70629,slovaks,1.0
70629,slovenians,1.0
70629,ukranians,2.0
70629,croats,8.0
70629,montenegrins,23.0
70629,rest,7.0
70629,undeclared,98.0
70629,regional_assoc,2.0
70629,unkown,55.0
70866,serbs,14899.0
70866,albanians,3.0
70866,bosnians,788.0
70866,bulgarians,1.0
70866,goranci,3.0
70866,yugoslavs,37.0
70866,hungarians,2.0
70866,macedonians,3.0
70866,muslims,526.0
70866,roma,3.0
70866,romanians,1.0
70866,russians,4.0
70866,slovaks,2.0
70866,slovenians,2.0
70866,ukranians,1.0
70866,croats,5.0
70866,montenegrins,31.0
70866,rest,10.0
70866,undeclared,149.0
70866,regional_assoc,1.0
70866,unkown,167.0
70955,serbs,28956.0
70955,albanians,4.0
70955,bosnians,3.0
70955,bulgarians,1.0
70955,bunjevci,3.0
70955,yugoslavs,18.0
70955,hungarians,3.0
70955,macedonians,20.0
70955,muslims,5.0
70955,germans,2.0
70955,roma,220.0
70955,romanians,1.0
70955,russians,5.0
70955,slovaks,3.0
70955,slovenians,3.0
70955,croats,20.0
70955,montenegrins,39.0
70955,rest,11.0
70955,undeclared,112.0
70955,unkown,209.0
70971,serbs,20582.0
70971,albanians,3.0
70971,bosnians,3811.0
70971,bulgarians,1.0
70971,vlasi,5.0
70971,goranci,3.0
70971,yugoslavs,36.0
70971,hungarians,11.0
70971,macedonians,9.0
70971,muslims,1944.0
70971,roma,32.0
70971,romanians,1.0
70971,russians,5.0
70971,slovenians,3.0
70971,ukranians,2.0
70971,croats,21.0
70971,montenegrins,119.0
70971,rest,26.0
70971,undeclared,256.0
70971,regional_assoc,10.0
70971,unkown,253.0
70980,serbs,19496.0
70980,albanians,18.0
70980,bosnians,12792.0
70980,bulgarians,4.0
70980,goranci,12.0
70980,yugoslavs,47.0
70980,hungarians,1.0
70980,macedonians,3.0
70980,muslims,3543.0
70980,roma,244.0
70980,russians,7.0
70980,rusini,1.0
70980,slovaks,4.0
70980,ukranians,2.0
70980,croats,12.0
70980,montenegrins,89.0
70980,rest,17.0
70980,undeclared,535.0
70980,regional_assoc,14.0
70980,unkown,218.0
71072,serbs,5264.0
71072,albanians,29.0
71072,bosnians,19498.0
71072,goranci,12.0
71072,yugoslavs,10.0
71072,macedonians,3.0
71072,muslims,1234.0
71072,roma,93.0
71072,slovenians,1.0
71072,ukranians,1.0
71072,croats,6.0
71072,montenegrins,15.0
71072,rest,40.0
71072,undeclared,57.0
71072,regional_assoc,6.0
71072,unkown,123.0
71234,serbs,14440.0
71234,bosnians,2.0
71234,bunjevci,2.0
71234,goranci,6.0
71234,yugoslavs,5.0
71234,hungarians,6.0
71234,macedonians,7.0
71234,muslims,3.0
71234,roma,1.0
71234,russians,1.0
71234,slovaks,1.0
71234,slovenians,1.0
71234,ukranians,1.0
71234,croats,13.0
71234,montenegrins,36.0
71234,rest,8.0
71234,undeclared,65.0
71234,unkown,147.0
70360,serbs,86423.0
70360,albanians,6.0
70360,bosnians,8.0
70360,bulgarians,2.0
70360,bunjevci,3.0
70360,goranci,22.0
70360,yugoslavs,105.0
70360,hungarians,21.0
70360,macedonians,80.0
70360,muslims,22.0
70360,germans,11.0
70360,roma,1413.0
70360,romanians,5.0
70360,russians,20.0
70360,rusini,2.0
70360,slovaks,2.0
70360,slovenians,19.0
70360,ukranians,7.0
70360,croats,72.0
70360,montenegrins,135.0
70360,rest,100.0
70360,undeclared,565.0
70360,regional_assoc,13.0
70360,unkown,1256.0
70700,serbs,14381.0
70700,bosnians,1.0
70700,yugoslavs,16.0
70700,macedonians,13.0
70700,muslims,2.0
70700,germans,2.0
70700,roma,775.0
70700,romanians,3.0
70700,russians,2.0
70700,slovaks,1.0
70700,slovenians,2.0
70700,croats,11.0
70700,montenegrins,22.0
70700,rest,5.0
70700,undeclared,133.0
70700,unkown,106.0
70769,serbs,12145.0
70769,albanians,2.0
70769,bulgarians,3.0
70769,bunjevci,1.0
70769,yugoslavs,11.0
70769,hungarians,3.0
70769,macedonians,8.0
70769,muslims,4.0
70769,roma,160.0
70769,romanians,3.0
70769,russians,2.0
70769,slovaks,1.0
70769,slovenians,4.0
70769,croats,7.0
70769,montenegrins,17.0
70769,rest,4.0
70769,undeclared,133.0
70769,regional_assoc,2.0
70769,unkown,244.0
70831,serbs,13758.0
70831,albanians,1.0
70831,yugoslavs,6.0
70831,hungarians,2.0
70831,macedonians,7.0
70831,muslims,11.0
70831,roma,351.0
70831,romanians,1.0
70831,russians,1.0
70831,rusini,1.0
70831,slovaks,2.0
70831,slovenians,3.0
70831,croats,6.0
70831,montenegrins,14.0
70831,rest,5.0
70831,undeclared,79.0
70831,unkown,87.0
70882,serbs,12093.0
70882,albanians,1.0
70882,yugoslavs,6.0
70882,hungarians,1.0
70882,macedonians,7.0
70882,muslims,4.0
70882,roma,228.0
70882,romanians,2.0
70882,ukranians,1.0
70882,croats,6.0
70882,montenegrins,2.0
70882,rest,2.0
70882,undeclared,22.0
70882,unkown,161.0
71218,serbs,27525.0
71218,albanians,2.0
71218,bulgarians,2.0
71218,bunjevci,1.0
71218,goranci,1.0
71218,yugoslavs,17.0
71218,hungarians,5.0
71218,macedonians,18.0
71218,muslims,2.0
71218,germans,3.0
71218,roma,1118.0
71218,romanians,64.0
71218,russians,5.0
71218,rusini,1.0
71218,slovaks,6.0
71218,slovenians,2.0
71218,ukranians,5.0
71218,croats,18.0
71218,montenegrins,25.0
71218,rest,17.0
71218,undeclared,155.0
71218,regional_assoc,1.0
71218,unkown,108.0
71269,serbs,110642.0
71269,albanians,7.0
71269,bosnians,23.0
71269,bulgarians,9.0
71269,bunjevci,1.0
71269,vlasi,4.0
71269,goranci,49.0
71269,yugoslavs,123.0
71269,hungarians,60.0
71269,macedonians,80.0
71269,muslims,393.0
71269,germans,11.0
71269,roma,1902.0
71269,romanians,48.0
71269,russians,35.0
71269,rusini,6.0
71269,slovaks,15.0
71269,slovenians,18.0
71269,ukranians,20.0
71269,croats,165.0
71269,montenegrins,70.0
71269,rest,161.0
71269,undeclared,1256.0
71269,regional_assoc,28.0
71269,unkown,758.0
70289,serbs,27517.0
70289,albanians,3.0
70289,bulgarians,5.0
70289,yugoslavs,27.0
70289,hungarians,7.0
70289,macedonians,11.0
70289,muslims,18.0
70289,germans,2.0
70289,roma,514.0
70289,romanians,4.0
70289,russians,3.0
70289,rusini,1.0
70289,slovaks,4.0
70289,slovenians,3.0
70289,ukranians,11.0
70289,croats,33.0
70289,montenegrins,7.0
70289,rest,14.0
70289,undeclared,322.0
70289,regional_assoc,7.0
70289,unkown,370.0
70408,serbs,16799.0
70408,albanians,1.0
70408,bulgarians,1.0
70408,bunjevci,12.0
70408,yugoslavs,7.0
70408,hungarians,4.0
70408,macedonians,7.0
70408,muslims,4.0
70408,germans,1.0
70408,roma,181.0
70408,romanians,14.0
70408,russians,2.0
70408,slovaks,7.0
70408,slovenians,1.0
70408,ukranians,3.0
70408,croats,20.0
70408,montenegrins,11.0
70408,rest,49.0
70408,undeclared,35.0
70408,regional_assoc,5.0
70408,unkown,298.0
70637,serbs,12107.0
70637,albanians,2.0
70637,bosnians,6.0
70637,bulgarians,1.0
70637,goranci,5.0
70637,yugoslavs,5.0
70637,hungarians,3.0
70637,macedonians,3.0
70637,muslims,2.0
70637,roma,850.0
70637,romanians,4.0
70637,russians,7.0
70637,slovaks,2.0
70637,slovenians,2.0
70637,ukranians,2.0
70637,croats,5.0
70637,montenegrins,8.0
70637,rest,7.0
70637,undeclared,61.0
70637,unkown,47.0
70661,serbs,16629.0
70661,bosnians,50.0
70661,bulgarians,1.0
70661,yugoslavs,5.0
70661,hungarians,3.0
70661,macedonians,1.0
70661,muslims,167.0
70661,roma,133.0
70661,romanians,1.0
70661,russians,7.0
70661,rusini,1.0
70661,slovaks,1.0
70661,slovenians,2.0
70661,ukranians,1.0
70661,croats,7.0
70661,montenegrins,7.0
70661,rest,3.0
70661,undeclared,144.0
70661,regional_assoc,1.0
70661,unkown,131.0
70734,serbs,74686.0
70734,albanians,5.0
70734,bosnians,120.0
70734,bulgarians,6.0
70734,bunjevci,2.0
70734,vlasi,2.0
70734,yugoslavs,74.0
70734,hungarians,26.0
70734,macedonians,34.0
70734,muslims,540.0
70734,germans,9.0
70734,roma,761.0
70734,romanians,6.0
70734,russians,26.0
70734,rusini,3.0
70734,slovaks,15.0
70734,slovenians,7.0
70734,ukranians,12.0
70734,croats,77.0
70734,montenegrins,58.0
70734,rest,51.0
70734,undeclared,791.0
70734,regional_assoc,9.0
70734,unkown,2007.0
70777,serbs,14108.0
70777,vlasi,17.0
70777,yugoslavs,5.0
70777,hungarians,2.0
70777,macedonians,10.0
70777,muslims,1.0
70777,germans,1.0
70777,roma,171.0
70777,romanians,5.0
70777,russians,4.0
70777,croats,6.0
70777,montenegrins,8.0
70777,rest,4.0
70777,undeclared,81.0
70777,regional_assoc,1.0
70777,unkown,45.0
70793,serbs,11677.0
70793,albanians,1.0
70793,bosnians,72.0
70793,bulgarians,1.0
70793,yugoslavs,15.0
70793,hungarians,3.0
70793,macedonians,4.0
70793,muslims,376.0
70793,germans,1.0
70793,roma,25.0
70793,romanians,3.0
70793,russians,8.0
70793,slovenians,2.0
70793,ukranians,1.0
70793,croats,14.0
70793,montenegrins,16.0
70793,rest,14.0
70793,undeclared,79.0
70793,regional_assoc,1.0
70793,unkown,169.0
71242,serbs,110886.0
71242,albanians,10.0
71242,bosnians,15.0
71242,bulgarians,18.0
71242,bunjevci,2.0
71242,vlasi,2.0
71242,goranci,17.0
71242,yugoslavs,117.0
71242,hungarians,23.0
71242,macedonians,112.0
71242,muslims,26.0
71242,germans,10.0
71242,roma,530.0
71242,romanians,9.0
71242,russians,34.0
71242,rusini,2.0
71242,slovaks,2.0
71242,slovenians,18.0
71242,ukranians,9.0
71242,croats,105.0
71242,montenegrins,328.0
71242,rest,56.0
71242,undeclared,1125.0
71242,regional_assoc,24.0
71242,unkown,1857.0
70483,serbs,43453.0
70483,albanians,6.0
70483,bosnians,6.0
70483,bulgarians,5.0
70483,goranci,3.0
70483,yugoslavs,31.0
70483,hungarians,8.0
70483,macedonians,49.0
70483,muslims,14.0
70483,germans,5.0
70483,roma,178.0
70483,romanians,4.0
70483,russians,3.0
70483,rusini,1.0
70483,slovaks,3.0
70483,slovenians,9.0
70483,ukranians,4.0
70483,croats,34.0
70483,montenegrins,81.0
70483,rest,30.0
70483,undeclared,255.0
70483,regional_assoc,27.0
70483,unkown,197.0
70564,serbs,31507.0
70564,albanians,13.0
70564,bulgarians,1.0
70564,bunjevci,1.0
70564,goranci,7.0
70564,yugoslavs,7.0
70564,hungarians,4.0
70564,macedonians,13.0
70564,muslims,8.0
70564,roma,29.0
70564,romanians,1.0
70564,russians,6.0
70564,slovaks,1.0
70564,slovenians,1.0
70564,ukranians,1.0
70564,croats,9.0
70564,montenegrins,24.0
70564,rest,12.0
70564,undeclared,44.0
70564,regional_assoc,1.0
70564,unkown,273.0
70742,serbs,20457.0
70742,albanians,3.0
70742,bosnians,2.0
70742,vlasi,1.0
70742,yugoslavs,14.0
70742,hungarians,4.0
70742,macedonians,9.0
70742,muslims,4.0
70742,germans,1.0
70742,roma,112.0
70742,romanians,1.0
70742,russians,4.0
70742,rusini,1.0
70742,slovaks,3.0
70742,ukranians,1.0
70742,croats,10.0
70742,montenegrins,27.0
70742,rest,4.0
70742,undeclared,69.0
70742,regional_assoc,4.0
70742,unkown,166.0
71048,serbs,68898.0
71048,albanians,40.0
71048,bosnians,5.0
71048,bulgarians,28.0
71048,bunjevci,2.0
71048,vlasi,136.0
71048,goranci,20.0
71048,yugoslavs,67.0
71048,hungarians,25.0
71048,macedonians,78.0
71048,muslims,21.0
71048,germans,3.0
71048,roma,764.0
71048,romanians,41.0
71048,russians,11.0
71048,rusini,3.0
71048,slovaks,11.0
71048,slovenians,17.0
71048,ukranians,8.0
71048,croats,57.0
71048,montenegrins,109.0
71048,rest,70.0
71048,undeclared,633.0
71048,regional_assoc,12.0
71048,unkown,793.0
70491,serbs,21602.0
70491,albanians,18.0
70491,bosnians,8.0
70491,bulgarians,14.0
70491,vlasi,687.0
70491,yugoslavs,16.0
70491,hungarians,6.0
70491,macedonians,21.0
70491,muslims,21.0
70491,germans,4.0
70491,roma,244.0
70491,romanians,38.0
70491,russians,5.0
70491,slovaks,1.0
70491,slovenians,7.0
70491,ukranians,1.0
70491,croats,20.0
70491,montenegrins,21.0
70491,rest,18.0
70491,undeclared,336.0
70491,regional_assoc,3.0
70491,unkown,100.0
70904,serbs,51891.0
70904,albanians,18.0
70904,bosnians,4.0
70904,bulgarians,20.0
70904,vlasi,53.0
70904,goranci,30.0
70904,yugoslavs,40.0
70904,hungarians,9.0
70904,macedonians,71.0
70904,muslims,17.0
70904,germans,12.0
70904,roma,853.0
70904,romanians,81.0
70904,russians,20.0
70904,slovaks,4.0
70904,slovenians,8.0
70904,ukranians,8.0
70904,croats,48.0
70904,montenegrins,82.0
70904,rest,55.0
70904,undeclared,566.0
70904,regional_assoc,13.0
70904,unkown,339.0
71030,serbs,10712.0
71030,albanians,5.0
71030,bulgarians,3.0
71030,yugoslavs,2.0
71030,hungarians,1.0
71030,macedonians,8.0
71030,roma,41.0
71030,romanians,1.0
71030,rusini,1.0
71030,slovaks,2.0
71030,slovenians,2.0
71030,croats,7.0
71030,montenegrins,12.0
71030,rest,7.0
71030,undeclared,47.0
71030,regional_assoc,4.0
71030,unkown,200.0
71056,serbs,22048.0
71056,albanians,2.0
71056,bulgarians,5.0
71056,vlasi,280.0
71056,goranci,3.0
71056,yugoslavs,25.0
71056,hungarians,1.0
71056,macedonians,22.0
71056,muslims,1.0
71056,germans,1.0
71056,roma,324.0
71056,romanians,65.0
71056,russians,7.0
71056,rusini,1.0
71056,slovaks,1.0
71056,slovenians,5.0
71056,croats,20.0
71056,montenegrins,19.0
71056,rest,29.0
71056,undeclared,248.0
71056,regional_assoc,5.0
71056,unkown,439.0
71200,serbs,28268.0
71200,albanians,2.0
71200,bosnians,7.0
71200,bulgarians,13.0
71200,vlasi,782.0
71200,goranci,8.0
71200,yugoslavs,28.0
71200,hungarians,3.0
71200,macedonians,59.0
71200,muslims,9.0
71200,germans,1.0
71200,roma,412.0
71200,romanians,24.0
71200,russians,3.0
71200,rusini,1.0
71200,slovaks,1.0
71200,slovenians,14.0
71200,ukranians,2.0
71200,croats,42.0
71200,montenegrins,30.0
71200,rest,33.0
71200,undeclared,405.0
71200,regional_assoc,8.0
71200,unkown,490.0
70670,serbs,122529.0
70670,albanians,32.0
70670,bosnians,2.0
70670,bulgarians,40.0
70670,bunjevci,1.0
70670,vlasi,101.0
70670,goranci,19.0
70670,yugoslavs,86.0
70670,hungarians,17.0
70670,macedonians,200.0
70670,muslims,18.0
70670,germans,9.0
70670,roma,2461.0
70670,romanians,38.0
70670,russians,35.0
70670,slovaks,4.0
70670,slovenians,19.0
70670,ukranians,4.0
70670,croats,107.0
70670,montenegrins,282.0
70670,rest,97.0
70670,undeclared,925.0
70670,regional_assoc,7.0
70670,unkown,1719.0
70017,serbs,25682.0
70017,albanians,5.0
70017,bosnians,1.0
70017,bulgarians,7.0
70017,yugoslavs,6.0
70017,macedonians,10.0
70017,muslims,1.0
70017,roma,84.0
70017,romanians,2.0
70017,russians,3.0
70017,slovenians,1.0
70017,croats,8.0
70017,montenegrins,23.0
70017,rest,9.0
70017,undeclared,71.0
70017,unkown,609.0
70343,serbs,15932.0
70343,albanians,7.0
70343,bulgarians,4.0
70343,goranci,4.0
70343,yugoslavs,5.0
70343,hungarians,3.0
70343,macedonians,2.0
70343,muslims,11.0
70343,roma,91.0
70343,russians,1.0
70343,slovaks,1.0
70343,slovenians,1.0
70343,ukranians,1.0
70343,croats,7.0
70343,montenegrins,13.0
70343,rest,9.0
70343,undeclared,61.0
70343,unkown,164.0
70378,serbs,17507.0
70378,albanians,2.0
70378,bosnians,1.0
70378,bulgarians,8.0
70378,vlasi,12.0
70378,yugoslavs,7.0
70378,hungarians,3.0
70378,macedonians,20.0
70378,muslims,1.0
70378,germans,1.0
70378,roma,113.0
70378,romanians,6.0
70378,russians,1.0
70378,ukranians,2.0
70378,croats,13.0
70378,montenegrins,30.0
70378,rest,16.0
70378,undeclared,77.0
70378,regional_assoc,2.0
70378,unkown,144.0
71170,serbs,41829.0
71170,albanians,2.0
71170,bulgarians,15.0
71170,vlasi,9.0
71170,goranci,29.0
71170,yugoslavs,17.0
71170,hungarians,8.0
71170,macedonians,48.0
71170,muslims,15.0
71170,germans,4.0
71170,roma,342.0
71170,romanians,13.0
71170,russians,8.0
71170,rusini,1.0
71170,slovaks,4.0
71170,slovenians,3.0
71170,croats,35.0
71170,montenegrins,84.0
71170,rest,21.0
71170,undeclared,226.0
71170,regional_assoc,6.0
71170,unkown,247.0
71196,serbs,9073.0
71196,albanians,4.0
71196,bulgarians,2.0
71196,yugoslavs,7.0
71196,hungarians,2.0
71196,macedonians,21.0
71196,muslims,4.0
71196,roma,174.0
71196,romanians,1.0
71196,russians,3.0
71196,slovaks,2.0
71196,slovenians,1.0
71196,croats,5.0
71196,montenegrins,12.0
71196,rest,1.0
71196,undeclared,38.0
71196,regional_assoc,3.0
71196,unkown,123.0
70653,serbs,120267.0
70653,albanians,23.0
70653,bosnians,4.0
70653,bulgarians,33.0
70653,bunjevci,1.0
70653,vlasi,3.0
70653,goranci,21.0
70653,yugoslavs,106.0
70653,hungarians,30.0
70653,macedonians,224.0
70653,muslims,44.0
70653,germans,11.0
70653,roma,1266.0
70653,romanians,17.0
70653,russians,40.0
70653,slovaks,15.0
70653,slovenians,29.0
70653,ukranians,16.0
70653,croats,162.0
70653,montenegrins,528.0
70653,rest,90.0
70653,undeclared,850.0
70653,regional_assoc,26.0
70653,unkown,1682.0
70459,serbs,26482.0
70459,albanians,1.0
70459,bulgarians,16.0
70459,vlasi,2.0
70459,yugoslavs,30.0
70459,hungarians,17.0
70459,macedonians,33.0
70459,muslims,9.0
70459,germans,5.0
70459,roma,334.0
70459,romanians,4.0
70459,russians,7.0
70459,rusini,1.0
70459,slovaks,6.0
70459,slovenians,5.0
70459,ukranians,5.0
70459,croats,24.0
70459,montenegrins,107.0
70459,rest,37.0
70459,undeclared,167.0
70459,regional_assoc,10.0
70459,unkown,225.0
70874,serbs,16234.0
70874,albanians,202.0
70874,bosnians,77443.0
70874,bulgarians,5.0
70874,bunjevci,1.0
70874,goranci,246.0
70874,yugoslavs,67.0
70874,hungarians,6.0
70874,macedonians,7.0
70874,muslims,4102.0
70874,germans,2.0
70874,roma,566.0
70874,russians,13.0
70874,slovenians,4.0
70874,ukranians,4.0
70874,croats,20.0
70874,montenegrins,44.0
70874,rest,312.0
70874,undeclared,216.0
70874,regional_assoc,70.0
70874,unkown,846.0
71021,serbs,24135.0
71021,albanians,12.0
71021,bulgarians,4.0
71021,goranci,12.0
71021,yugoslavs,7.0
71021,hungarians,6.0
71021,macedonians,21.0
71021,muslims,8.0
71021,roma,202.0
71021,romanians,2.0
71021,russians,4.0
71021,slovenians,5.0
71021,ukranians,1.0
71021,croats,9.0
71021,montenegrins,45.0
71021,rest,6.0
71021,undeclared,81.0
71021,regional_assoc,3.0
71021,unkown,115.0
71188,serbs,1090.0
71188,albanians,29.0
71188,bosnians,28041.0
71188,bulgarians,3.0
71188,goranci,55.0
71188,yugoslavs,4.0
71188,hungarians,1.0
71188,macedonians,4.0
71188,muslims,1092.0
71188,germans,1.0
71188,roma,67.0
71188,russians,3.0
71188,montenegrins,16.0
71188,rest,8.0
71188,undeclared,31.0
71188,regional_assoc,6.0
71188,unkown,704.0
70645,serbs,172052.0
70645,albanians,27.0
70645,bosnians,37.0
70645,bulgarians,41.0
70645,bunjevci,4.0
70645,vlasi,7.0
70645,goranci,101.0
70645,yugoslavs,175.0
70645,hungarians,37.0
70645,macedonians,297.0
70645,muslims,97.0
70645,germans,4.0
70645,roma,1482.0
70645,romanians,17.0
70645,russians,40.0
70645,rusini,6.0
70645,slovaks,16.0
70645,slovenians,34.0
70645,ukranians,18.0
70645,croats,192.0
70645,montenegrins,645.0
70645,rest,231.0
70645,undeclared,2033.0
70645,regional_assoc,211.0
70645,unkown,1613.0
70033,serbs,44581.0
70033,albanians,3.0
70033,bosnians,1.0
70033,bulgarians,15.0
70033,bunjevci,1.0
70033,vlasi,2.0
70033,goranci,1.0
70033,yugoslavs,49.0
70033,hungarians,17.0
70033,macedonians,60.0
70033,muslims,18.0
70033,germans,6.0
70033,roma,382.0
70033,romanians,25.0
70033,russians,14.0
70033,rusini,3.0
70033,slovaks,3.0
70033,slovenians,8.0
70033,ukranians,4.0
70033,croats,38.0
70033,montenegrins,186.0
70033,rest,36.0
70033,undeclared,286.0
70033,regional_assoc,32.0
70033,unkown,454.0
70076,serbs,11514.0
70076,albanians,7.0
70076,bulgarians,1.0
70076,yugoslavs,9.0
70076,hungarians,1.0
70076,macedonians,27.0
70076,muslims,2.0
70076,germans,2.0
70076,roma,55.0
70076,romanians,2.0
70076,russians,3.0
70076,slovaks,3.0
70076,croats,6.0
70076,montenegrins,18.0
70076,rest,9.0
70076,undeclared,74.0
70076,regional_assoc,3.0
70076,unkown,24.0
70599,serbs,14081.0
70599,albanians,1.0
70599,bulgarians,1.0
70599,yugoslavs,5.0
70599,hungarians,4.0
70599,macedonians,5.0
70599,germans,1.0
70599,slovenians,2.0
70599,croats,9.0
70599,montenegrins,22.0
70599,rest,2.0
70599,undeclared,55.0
70599,regional_assoc,1.0
70599,unkown,48.0
71277,serbs,7613.0
71277,albanians,5.0
71277,bosnians,2.0
71277,bulgarians,6.0
71277,hungarians,1.0
71277,macedonians,7.0
71277,roma,56.0
71277,romanians,1.0
71277,slovaks,1.0
71277,croats,8.0
71277,montenegrins,7.0
71277,rest,6.0
71277,undeclared,39.0
71277,regional_assoc,1.0
71277,unkown,84.0
71013,serbs,11329.0
71013,bulgarians,3.0
71013,goranci,1.0
71013,yugoslavs,9.0
71013,macedonians,7.0
71013,muslims,8.0
71013,roma,15.0
71013,russians,2.0
71013,slovenians,4.0
71013,croats,9.0
71013,montenegrins,7.0
71013,rest,16.0
71013,undeclared,49.0
71013,regional_assoc,6.0
71013,unkown,38.0
71153,serbs,21602.0
71153,albanians,3.0
71153,bosnians,1.0
71153,bulgarians,3.0
71153,bunjevci,1.0
71153,yugoslavs,19.0
71153,hungarians,6.0
71153,macedonians,18.0
71153,muslims,1.0
71153,roma,105.0
71153,romanians,3.0
71153,russians,2.0
71153,slovaks,3.0
71153,ukranians,2.0
71153,croats,19.0
71153,montenegrins,42.0
71153,rest,11.0
71153,undeclared,243.0
71153,regional_assoc,22.0
71153,unkown,223.0
70327,serbs,35435.0
70327,albanians,113.0
70327,bosnians,13.0
70327,bulgarians,60.0
70327,bunjevci,1.0
70327,vlasi,6701.0
70327,goranci,4.0
70327,yugoslavs,87.0
70327,hungarians,24.0
70327,macedonians,429.0
70327,muslims,61.0
70327,germans,17.0
70327,roma,1758.0
70327,romanians,293.0
70327,russians,19.0
70327,rusini,1.0
70327,slovaks,12.0
70327,slovenians,47.0
70327,ukranians,4.0
70327,croats,79.0
70327,montenegrins,96.0
70327,rest,185.0
70327,undeclared,2549.0
70327,regional_assoc,16.0
70327,unkown,611.0
70572,serbs,17673.0
70572,bosnians,2.0
70572,bulgarians,6.0
70572,vlasi,788.0
70572,goranci,6.0
70572,yugoslavs,16.0
70572,hungarians,8.0
70572,macedonians,42.0
70572,muslims,6.0
70572,germans,1.0
70572,roma,36.0
70572,romanians,156.0
70572,russians,3.0
70572,slovaks,2.0
70572,slovenians,4.0
70572,ukranians,6.0
70572,croats,35.0
70572,montenegrins,236.0
70572,rest,37.0
70572,undeclared,616.0
70572,regional_assoc,1.0
70572,unkown,955.0
70785,serbs,14670.0
70785,albanians,6.0
70785,bosnians,2.0
70785,bulgarians,22.0
70785,bunjevci,2.0
70785,vlasi,2442.0
70785,goranci,16.0
70785,yugoslavs,51.0
70785,hungarians,6.0
70785,macedonians,56.0
70785,muslims,16.0
70785,germans,3.0
70785,roma,9.0
70785,romanians,68.0
70785,russians,5.0
70785,rusini,2.0
70785,slovaks,3.0
70785,slovenians,7.0
70785,ukranians,1.0
70785,croats,33.0
70785,montenegrins,70.0
70785,rest,41.0
70785,undeclared,946.0
70785,regional_assoc,2.0
70785,unkown,207.0
70840,serbs,29461.0
70840,albanians,33.0
70840,bosnians,2.0
70840,bulgarians,61.0
70840,vlasi,3382.0
70840,yugoslavs,29.0
70840,hungarians,9.0
70840,macedonians,73.0
70840,muslims,21.0
70840,germans,6.0
70840,roma,441.0
70840,romanians,274.0
70840,russians,10.0
70840,rusini,2.0
70840,slovaks,6.0
70840,slovenians,6.0
70840,ukranians,6.0
70840,croats,32.0
70840,montenegrins,50.0
70840,rest,63.0
70840,undeclared,878.0
70840,regional_assoc,9.0
70840,unkown,2202.0
79049,serbs,66801.0
79049,albanians,8.0
79049,bosnians,10.0
79049,bulgarians,35.0
79049,bunjevci,1.0
79049,vlasi,177.0
79049,yugoslavs,71.0
79049,hungarians,56.0
79049,macedonians,168.0
79049,muslims,42.0
79049,germans,18.0
79049,roma,3868.0
79049,romanians,91.0
79049,russians,11.0
79049,rusini,3.0
79049,slovaks,10.0
79049,slovenians,38.0
79049,ukranians,6.0
79049,croats,109.0
79049,montenegrins,160.0
79049,rest,90.0
79049,undeclared,1267.0
79049,regional_assoc,10.0
79049,unkown,2284.0
70947,serbs,56959.0
70947,albanians,7.0
70947,bosnians,10.0
70947,bulgarians,32.0
70947,vlasi,161.0
70947,yugoslavs,62.0
70947,hungarians,35.0
70947,macedonians,123.0
70947,muslims,34.0
70947,germans,8.0
70947,roma,1209.0
70947,romanians,77.0
70947,russians,9.0
70947,rusini,1.0
70947,slovaks,7.0
70947,slovenians,19.0
70947,ukranians,6.0
70947,croats,74.0
70947,montenegrins,138.0
70947,rest,52.0
70947,undeclared,1094.0
70947,regional_assoc,8.0
70947,unkown,1572.0
71340,serbs,9842.0
71340,albanians,1.0
71340,bulgarians,3.0
71340,bunjevci,1.0
71340,vlasi,16.0
71340,yugoslavs,9.0
71340,hungarians,21.0
71340,macedonians,45.0
71340,muslims,8.0
71340,germans,10.0
71340,roma,2659.0
71340,romanians,14.0
71340,russians,2.0
71340,rusini,2.0
71340,slovaks,3.0
71340,slovenians,19.0
71340,croats,35.0
71340,montenegrins,22.0
71340,rest,38.0
71340,undeclared,173.0
71340,regional_assoc,2.0
71340,unkown,712.0
70394,serbs,16291.0
70394,bulgarians,2.0
70394,vlasi,382.0
70394,yugoslavs,15.0
70394,hungarians,14.0
70394,macedonians,20.0
70394,muslims,7.0
70394,germans,1.0
70394,roma,258.0
70394,romanians,65.0
70394,russians,3.0
70394,rusini,1.0
70394,slovaks,2.0
70394,slovenians,5.0
70394,ukranians,1.0
70394,croats,14.0
70394,montenegrins,18.0
70394,rest,29.0
70394,undeclared,143.0
70394,regional_assoc,7.0
70394,unkown,332.0
70475,serbs,7576.0
70475,bosnians,4.0
70475,bulgarians,3.0
70475,vlasi,424.0
70475,yugoslavs,13.0
70475,hungarians,5.0
70475,macedonians,7.0
70475,muslims,3.0
70475,roma,52.0
70475,romanians,47.0
70475,russians,1.0
70475,slovenians,2.0
70475,ukranians,3.0
70475,croats,6.0
70475,montenegrins,9.0
70475,rest,39.0
70475,undeclared,65.0
70475,regional_assoc,1.0
70475,unkown,71.0
70521,serbs,10137.0
70521,albanians,1.0
70521,vlasi,433.0
70521,yugoslavs,1.0
70521,hungarians,2.0
70521,macedonians,11.0
70521,muslims,2.0
70521,germans,4.0
70521,roma,57.0
70521,romanians,76.0
70521,russians,3.0
70521,rusini,1.0
70521,slovaks,1.0
70521,ukranians,1.0
70521,croats,11.0
70521,montenegrins,6.0
70521,rest,9.0
70521,undeclared,211.0
70521,unkown,413.0
70530,serbs,9024.0
70530,albanians,1.0
70530,bosnians,1.0
70530,bulgarians,18.0
70530,vlasi,2811.0
70530,yugoslavs,8.0
70530,hungarians,3.0
70530,macedonians,2.0
70530,muslims,4.0
70530,germans,4.0
70530,roma,42.0
70530,romanians,71.0
70530,russians,1.0
70530,slovenians,1.0
70530,croats,8.0
70530,montenegrins,5.0
70530,rest,9.0
70530,undeclared,274.0
70530,regional_assoc,2.0
70530,unkown,448.0
70696,serbs,10307.0
70696,albanians,1.0
70696,bulgarians,1.0
70696,bunjevci,1.0
70696,vlasi,3927.0
70696,yugoslavs,26.0
70696,hungarians,7.0
70696,macedonians,13.0
70696,muslims,5.0
70696,germans,1.0
70696,roma,39.0
70696,romanians,105.0
70696,slovenians,1.0
70696,ukranians,2.0
70696,croats,8.0
70696,montenegrins,9.0
70696,rest,14.0
70696,undeclared,481.0
70696,regional_assoc,2.0
70696,unkown,566.0
70807,serbs,10104.0
70807,albanians,2.0
70807,bosnians,1.0
70807,bulgarians,1.0
70807,bunjevci,1.0
70807,vlasi,475.0
70807,yugoslavs,4.0
70807,hungarians,5.0
70807,macedonians,14.0
70807,muslims,5.0
70807,germans,1.0
70807,roma,194.0
70807,romanians,56.0
70807,rusini,1.0
70807,slovaks,2.0
70807,ukranians,1.0
70807,croats,7.0
70807,rest,8.0
70807,undeclared,187.0
70807,regional_assoc,2.0
70807,unkown,387.0
70912,serbs,25015.0
70912,albanians,3.0
70912,bosnians,4.0
70912,bulgarians,4.0
70912,bunjevci,2.0
70912,vlasi,4609.0
70912,yugoslavs,22.0
70912,hungarians,16.0
70912,macedonians,47.0
70912,muslims,9.0
70912,germans,2.0
70912,roma,119.0
70912,romanians,217.0
70912,russians,8.0
70912,rusini,2.0
70912,slovaks,4.0
70912,slovenians,6.0
70912,ukranians,1.0
70912,croats,26.0
70912,montenegrins,35.0
70912,rest,38.0
70912,undeclared,779.0
70912,regional_assoc,7.0
70912,unkown,284.0
70556,serbs,52292.0
70556,albanians,40.0
70556,bosnians,4.0
70556,bulgarians,181.0
70556,vlasi,2856.0
70556,goranci,28.0
70556,yugoslavs,89.0
70556,hungarians,14.0
70556,macedonians,148.0
70556,muslims,28.0
70556,germans,6.0
70556,roma,753.0
70556,romanians,204.0
70556,russians,7.0
70556,slovaks,5.0
70556,slovenians,23.0
70556,ukranians,2.0
70556,croats,71.0
70556,montenegrins,98.0
70556,rest,150.0
70556,undeclared,1400.0
70556,regional_assoc,29.0
70556,unkown,1033.0
70319,serbs,8372.0
70319,albanians,4.0
70319,bulgarians,8.0
70319,vlasi,3356.0
70319,yugoslavs,11.0
70319,hungarians,2.0
70319,macedonians,19.0
70319,muslims,20.0
70319,germans,2.0
70319,roma,287.0
70319,romanians,92.0
70319,russians,2.0
70319,slovaks,1.0
70319,slovenians,2.0
70319,croats,9.0
70319,montenegrins,3.0
70319,rest,54.0
70319,undeclared,617.0
70319,regional_assoc,9.0
70319,unkown,124.0
70602,serbs,29631.0
70602,albanians,22.0
70602,bosnians,7.0
70602,bulgarians,33.0
70602,vlasi,20.0
70602,yugoslavs,15.0
70602,hungarians,12.0
70602,macedonians,42.0
70602,muslims,7.0
70602,germans,4.0
70602,roma,789.0
70602,romanians,4.0
70602,russians,8.0
70602,slovaks,1.0
70602,slovenians,6.0
70602,ukranians,6.0
70602,croats,23.0
70602,montenegrins,20.0
70602,rest,23.0
70602,undeclared,626.0
70602,regional_assoc,5.0
70602,unkown,187.0
71129,serbs,14936.0
71129,albanians,10.0
71129,bosnians,1.0
71129,bulgarians,1.0
71129,vlasi,22.0
71129,goranci,8.0
71129,yugoslavs,12.0
71129,hungarians,15.0
71129,macedonians,25.0
71129,muslims,4.0
71129,roma,213.0
71129,romanians,7.0
71129,russians,2.0
71129,rusini,2.0
71129,slovaks,3.0
71129,slovenians,7.0
71129,ukranians,1.0
71129,croats,16.0
71129,montenegrins,19.0
71129,rest,13.0
71129,undeclared,409.0
71129,regional_assoc,2.0
71129,unkown,293.0
70726,serbs,133623.0
70726,albanians,20.0
70726,bosnians,5.0
70726,bulgarians,91.0
70726,vlasi,2.0
70726,goranci,4.0
70726,yugoslavs,88.0
70726,hungarians,15.0
70726,macedonians,291.0
70726,muslims,19.0
70726,germans,19.0
70726,roma,7700.0
70726,romanians,4.0
70726,russians,13.0
70726,rusini,2.0
70726,slovaks,9.0
70726,slovenians,19.0
70726,ukranians,8.0
70726,croats,55.0
70726,montenegrins,192.0
70726,rest,96.0
70726,undeclared,965.0
70726,regional_assoc,16.0
70726,unkown,950.0
70297,serbs,9197.0
70297,bulgarians,1.0
70297,yugoslavs,1.0
70297,hungarians,1.0
70297,macedonians,10.0
70297,roma,1649.0
70297,russians,2.0
70297,slovaks,1.0
70297,ukranians,1.0
70297,croats,2.0
70297,montenegrins,17.0
70297,rest,3.0
70297,undeclared,48.0
70297,unkown,171.0
70424,serbs,28613.0
70424,bulgarians,4.0
70424,vlasi,1.0
70424,yugoslavs,3.0
70424,hungarians,3.0
70424,macedonians,23.0
70424,muslims,3.0
70424,roma,691.0
70424,romanians,10.0
70424,russians,2.0
70424,slovaks,2.0
70424,slovenians,2.0
70424,ukranians,1.0
70424,croats,11.0
70424,montenegrins,14.0
70424,rest,15.0
70424,undeclared,344.0
70424,unkown,151.0
70718,serbs,20398.0
70718,albanians,1.0
70718,bulgarians,2.0
70718,vlasi,1.0
70718,goranci,7.0
70718,yugoslavs,4.0
70718,hungarians,3.0
70718,macedonians,16.0
70718,muslims,2.0
70718,roma,1251.0
70718,romanians,1.0
70718,russians,5.0
70718,rusini,1.0
70718,slovenians,1.0
70718,croats,8.0
70718,montenegrins,20.0
70718,rest,3.0
70718,undeclared,127.0
70718,unkown,149.0
70815,serbs,6429.0
70815,albanians,527.0
70815,bosnians,1.0
70815,bulgarians,4.0
70815,goranci,13.0
70815,hungarians,1.0
70815,macedonians,13.0
70815,muslims,4.0
70815,germans,1.0
70815,roma,145.0
70815,russians,1.0
70815,slovaks,1.0
70815,croats,1.0
70815,montenegrins,143.0
70815,rest,6.0
70815,undeclared,86.0
70815,unkown,62.0
71226,serbs,1641.0
71226,bulgarians,5.0
71226,goranci,3.0
71226,macedonians,1.0
71226,russians,2.0
71226,slovaks,1.0
71226,croats,1.0
71226,rest,1.0
71226,undeclared,3.0
71226,unkown,5.0
79022,serbs,243381.0
79022,albanians,97.0
79022,bosnians,44.0
79022,bulgarians,927.0
79022,bunjevci,10.0
79022,vlasi,15.0
79022,goranci,202.0
79022,yugoslavs,416.0
79022,hungarians,68.0
79022,macedonians,823.0
79022,muslims,58.0
79022,germans,28.0
79022,roma,6996.0
79022,romanians,26.0
79022,russians,62.0
79022,rusini,4.0
79022,slovaks,38.0
79022,slovenians,104.0
79022,ukranians,20.0
79022,croats,398.0
79022,montenegrins,659.0
79022,rest,420.0
79022,undeclared,3018.0
79022,regional_assoc,61.0
79022,unkown,2362.0
71331,serbs,81591.0
71331,albanians,15.0
71331,bosnians,15.0
71331,bulgarians,326.0
71331,bunjevci,10.0
71331,vlasi,8.0
71331,goranci,57.0
71331,yugoslavs,199.0
71331,hungarians,28.0
71331,macedonians,406.0
71331,muslims,20.0
71331,germans,12.0
71331,roma,669.0
71331,romanians,4.0
71331,russians,26.0
71331,rusini,3.0
71331,slovaks,16.0
71331,slovenians,51.0
71331,ukranians,15.0
71331,croats,170.0
71331,montenegrins,334.0
71331,rest,163.0
71331,undeclared,1092.0
71331,regional_assoc,28.0
71331,unkown,711.0
71285,serbs,13731.0
71285,albanians,1.0
71285,bosnians,1.0
71285,bulgarians,23.0
71285,yugoslavs,6.0
71285,hungarians,7.0
71285,macedonians,16.0
71285,muslims,4.0
71285,germans,2.0
71285,roma,562.0
71285,romanians,2.0
71285,russians,1.0
71285,slovaks,1.0
71285,slovenians,4.0
71285,croats,10.0
71285,montenegrins,7.0
71285,rest,18.0
71285,undeclared,168.0
71285,regional_assoc,2.0
71285,unkown,114.0
71323,serbs,68612.0
71323,albanians,48.0
71323,bosnians,20.0
71323,bulgarians,193.0
71323,vlasi,2.0
71323,goranci,11.0
71323,yugoslavs,89.0
71323,hungarians,19.0
71323,macedonians,191.0
71323,muslims,12.0
71323,germans,6.0
71323,roma,2745.0
71323,romanians,6.0
71323,russians,16.0
71323,rusini,1.0
71323,slovaks,8.0
71323,slovenians,20.0
71323,ukranians,1.0
71323,croats,112.0
71323,montenegrins,146.0
71323,rest,144.0
71323,undeclared,723.0
71323,regional_assoc,15.0
71323,unkown,661.0
71307,serbs,50696.0
71307,albanians,10.0
71307,bosnians,2.0
71307,bulgarians,331.0
71307,vlasi,1.0
71307,goranci,17.0
71307,yugoslavs,69.0
71307,hungarians,11.0
71307,macedonians,133.0
71307,muslims,10.0
71307,germans,6.0
71307,roma,556.0
71307,romanians,3.0
71307,russians,13.0
71307,slovaks,9.0
71307,slovenians,19.0
71307,ukranians,3.0
71307,croats,62.0
71307,montenegrins,129.0
71307,rest,48.0
71307,undeclared,788.0
71307,regional_assoc,10.0
71307,unkown,560.0
71315,serbs,28751.0
71315,albanians,23.0
71315,bosnians,6.0
71315,bulgarians,54.0
71315,vlasi,4.0
71315,goranci,117.0
71315,yugoslavs,53.0
71315,hungarians,3.0
71315,macedonians,77.0
71315,muslims,12.0
71315,germans,2.0
71315,roma,2464.0
71315,romanians,11.0
71315,russians,6.0
71315,slovaks,4.0
71315,slovenians,10.0
71315,ukranians,1.0
71315,croats,44.0
71315,montenegrins,43.0
71315,rest,47.0
71315,undeclared,247.0
71315,regional_assoc,6.0
71315,unkown,316.0
70025,serbs,47563.0
70025,albanians,18.0
70025,bosnians,8.0
70025,bulgarians,45.0
70025,vlasi,21.0
70025,goranci,13.0
70025,yugoslavs,49.0
70025,hungarians,16.0
70025,macedonians,98.0
70025,muslims,37.0
70025,germans,6.0
70025,roma,1937.0
70025,romanians,20.0
70025,russians,15.0
70025,rusini,2.0
70025,slovaks,3.0
70025,slovenians,30.0
70025,croats,50.0
70025,montenegrins,68.0
70025,rest,35.0
70025,undeclared,474.0
70025,regional_assoc,9.0
70025,unkown,1346.0
70467,serbs,7972.0
70467,bulgarians,3.0
70467,yugoslavs,2.0
70467,macedonians,3.0
70467,muslims,1.0
70467,roma,260.0
70467,russians,3.0
70467,rusini,1.0
70467,slovenians,1.0
70467,ukranians,1.0
70467,croats,4.0
70467,montenegrins,3.0
70467,undeclared,100.0
70467,unkown,35.0
70513,serbs,17008.0
70513,albanians,2.0
70513,bulgarians,3.0
70513,goranci,2.0
70513,yugoslavs,5.0
70513,macedonians,17.0
70513,muslims,2.0
70513,germans,2.0
70513,roma,1218.0
70513,romanians,4.0
70513,russians,5.0
70513,slovenians,2.0
70513,croats,8.0
70513,montenegrins,8.0
70513,rest,4.0
70513,undeclared,101.0
70513,unkown,72.0
70823,serbs,13094.0
70823,albanians,1.0
70823,bulgarians,5.0
70823,vlasi,2.0
70823,yugoslavs,3.0
70823,hungarians,1.0
70823,macedonians,10.0
70823,muslims,3.0
70823,roma,736.0
70823,romanians,2.0
70823,russians,2.0
70823,slovenians,6.0
70823,croats,7.0
70823,montenegrins,3.0
70823,rest,3.0
70823,undeclared,59.0
70823,unkown,31.0
71005,serbs,8815.0
71005,bulgarians,2.0
71005,hungarians,1.0
71005,macedonians,11.0
71005,roma,195.0
71005,croats,3.0
71005,montenegrins,2.0
71005,rest,7.0
71005,undeclared,103.0
71005,regional_assoc,1.0
71005,unkown,10.0
71064,serbs,13843.0
71064,bulgarians,6.0
71064,vlasi,1.0
71064,yugoslavs,3.0
71064,hungarians,9.0
71064,macedonians,8.0
71064,muslims,2.0
71064,roma,157.0
71064,romanians,1.0
71064,russians,1.0
71064,ukranians,2.0
71064,croats,6.0
71064,montenegrins,4.0
71064,rest,5.0
71064,undeclared,116.0
71064,regional_assoc,1.0
71064,unkown,84.0
70939,serbs,53232.0
70939,albanians,19.0
70939,bulgarians,549.0
70939,bunjevci,1.0
70939,vlasi,1.0
70939,goranci,80.0
70939,yugoslavs,47.0
70939,hungarians,10.0
70939,macedonians,67.0
70939,muslims,9.0
70939,germans,5.0
70939,roma,2576.0
70939,romanians,1.0
70939,russians,9.0
70939,rusini,3.0
70939,slovaks,3.0
70939,slovenians,3.0
70939,ukranians,4.0
70939,croats,42.0
70939,montenegrins,23.0
70939,rest,25.0
70939,undeclared,971.0
70939,regional_assoc,6.0
70939,unkown,242.0
70050,serbs,10933.0
70050,albanians,1.0
70050,bosnians,1.0
70050,bulgarians,632.0
70050,yugoslavs,9.0
70050,macedonians,5.0
70050,muslims,1.0
70050,germans,3.0
70050,roma,244.0
70050,romanians,3.0
70050,croats,2.0
70050,montenegrins,1.0
70050,rest,5.0
70050,undeclared,336.0
70050,regional_assoc,2.0
70050,unkown,129.0
70084,serbs,10395.0
70084,bulgarians,8.0
70084,goranci,4.0
70084,yugoslavs,5.0
70084,hungarians,4.0
70084,macedonians,8.0
70084,muslims,10.0
70084,germans,2.0
70084,roma,1418.0
70084,russians,5.0
70084,slovaks,1.0
70084,croats,4.0
70084,montenegrins,5.0
70084,rest,8.0
70084,undeclared,144.0
70084,unkown,105.0
70505,serbs,2819.0
70505,albanians,1.0
70505,bulgarians,5413.0
70505,goranci,3.0
70505,yugoslavs,59.0
70505,macedonians,38.0
70505,roma,68.0
70505,russians,2.0
70505,slovaks,1.0
70505,slovenians,1.0
70505,croats,16.0
70505,montenegrins,9.0
70505,rest,131.0
70505,undeclared,1533.0
70505,regional_assoc,3.0
70505,unkown,21.0
71099,serbs,101908.0
71099,albanians,51.0
71099,bosnians,7.0
71099,bulgarians,27.0
71099,bunjevci,2.0
71099,vlasi,6.0
71099,goranci,11.0
71099,yugoslavs,110.0
71099,hungarians,120.0
71099,macedonians,291.0
71099,muslims,61.0
71099,germans,15.0
71099,roma,2369.0
71099,romanians,67.0
71099,russians,37.0
71099,rusini,3.0
71099,slovaks,13.0
71099,slovenians,20.0
71099,ukranians,13.0
71099,croats,161.0
71099,montenegrins,271.0
71099,rest,139.0
71099,undeclared,1080.0
71099,regional_assoc,35.0
71099,unkown,1392.0
70386,serbs,38761.0
70386,albanians,19.0
70386,bosnians,1.0
70386,bulgarians,24.0
70386,bunjevci,1.0
70386,vlasi,7.0
70386,goranci,11.0
70386,yugoslavs,29.0
70386,hungarians,17.0
70386,macedonians,43.0
70386,muslims,2.0
70386,germans,5.0
70386,roma,380.0
70386,romanians,25.0
70386,russians,6.0
70386,slovaks,10.0
70386,slovenians,5.0
70386,ukranians,1.0
70386,croats,32.0
70386,montenegrins,62.0
70386,rest,48.0
70386,undeclared,167.0
70386,regional_assoc,7.0
70386,unkown,1239.0
71102,serbs,47972.0
71102,albanians,16.0
71102,bosnians,3.0
71102,bulgarians,13.0
71102,vlasi,4.0
71102,goranci,13.0
71102,yugoslavs,43.0
71102,hungarians,22.0
71102,macedonians,115.0
71102,muslims,17.0
71102,germans,1.0
71102,roma,563.0
71102,romanians,5.0
71102,russians,11.0
71102,slovaks,9.0
71102,slovenians,9.0
71102,ukranians,6.0
71102,croats,63.0
71102,montenegrins,81.0
71102,rest,35.0
71102,undeclared,614.0
71102,regional_assoc,22.0
71102,unkown,647.0
79057,serbs,76569.0
79057,albanians,13.0
79057,bosnians,4.0
79057,bulgarians,589.0
79057,bunjevci,1.0
79057,goranci,43.0
79057,yugoslavs,22.0
79057,hungarians,6.0
79057,macedonians,255.0
79057,muslims,17.0
79057,germans,1.0
79057,roma,4654.0
79057,romanians,2.0
79057,russians,10.0
79057,rusini,1.0
79057,slovaks,7.0
79057,slovenians,8.0
79057,ukranians,2.0
79057,croats,33.0
79057,montenegrins,48.0
79057,rest,42.0
79057,undeclared,736.0
79057,regional_assoc,7.0
79057,unkown,454.0
70432,serbs,68483.0
70432,albanians,12.0
70432,bosnians,4.0
70432,bulgarians,558.0
70432,bunjevci,1.0
70432,goranci,43.0
70432,yugoslavs,16.0
70432,hungarians,6.0
70432,macedonians,240.0
70432,muslims,17.0
70432,germans,1.0
70432,roma,3279.0
70432,romanians,2.0
70432,russians,9.0
70432,rusini,1.0
70432,slovaks,7.0
70432,slovenians,8.0
70432,ukranians,2.0
70432,croats,29.0
70432,montenegrins,46.0
70432,rest,41.0
70432,undeclared,702.0
70432,regional_assoc,7.0
70432,unkown,430.0
71358,serbs,8086.0
71358,albanians,1.0
71358,bulgarians,31.0
71358,yugoslavs,6.0
71358,macedonians,15.0
71358,roma,1375.0
71358,russians,1.0
71358,croats,4.0
71358,montenegrins,2.0
71358,rest,1.0
71358,undeclared,34.0
71358,unkown,24.0
70335,serbs,895.0
70335,albanians,1.0
70335,bulgarians,5839.0
70335,yugoslavs,20.0
70335,macedonians,38.0
70335,roma,162.0
70335,rusini,2.0
70335,slovaks,1.0
70335,ukranians,1.0
70335,croats,1.0
70335,montenegrins,2.0
70335,rest,12.0
70335,undeclared,1110.0
70335,regional_assoc,2.0
70335,unkown,43.0
70416,serbs,18644.0
70416,bosnians,1.0
70416,bulgarians,88.0
70416,yugoslavs,7.0
70416,hungarians,4.0
70416,macedonians,23.0
70416,muslims,2.0
70416,germans,3.0
70416,roma,1503.0
70416,russians,10.0
70416,slovaks,1.0
70416,slovenians,3.0
70416,ukranians,3.0
70416,croats,5.0
70416,montenegrins,5.0
70416,rest,7.0
70416,undeclared,251.0
70416,regional_assoc,1.0
70416,unkown,310.0
71137,serbs,16233.0
71137,albanians,6.0
71137,bulgarians,734.0
71137,vlasi,5.0
71137,goranci,4.0
71137,yugoslavs,7.0
71137,hungarians,2.0
71137,macedonians,31.0
71137,muslims,6.0
71137,roma,2631.0
71137,russians,6.0
71137,slovaks,3.0
71137,slovenians,6.0
71137,ukranians,1.0
71137,croats,11.0
71137,montenegrins,10.0
71137,rest,6.0
71137,undeclared,393.0
71137,regional_assoc,3.0
71137,unkown,221.0
71161,serbs,4977.0
71161,bulgarians,14.0
71161,yugoslavs,1.0
71161,macedonians,27.0
71161,roma,29.0
71161,slovaks,1.0
71161,croats,1.0
71161,undeclared,18.0
71161,unkown,23.0
70998,serbs,40936.0
70998,albanians,12.0
70998,bosnians,7.0
70998,bulgarians,8.0
70998,bunjevci,1.0
70998,vlasi,1.0
70998,goranci,23.0
70998,yugoslavs,11.0
70998,hungarians,8.0
70998,macedonians,74.0
70998,muslims,7.0
70998,germans,3.0
70998,roma,2154.0
70998,romanians,75.0
70998,russians,7.0
70998,slovaks,4.0
70998,slovenians,11.0
70998,ukranians,1.0
70998,croats,35.0
70998,montenegrins,113.0
70998,rest,42.0
70998,undeclared,277.0
70998,regional_assoc,2.0
70998,unkown,607.0
70262,serbs,11551.0
70262,bulgarians,1.0
70262,yugoslavs,7.0
70262,hungarians,4.0
70262,macedonians,6.0
70262,muslims,8.0
70262,roma,86.0
70262,russians,2.0
70262,ukranians,1.0
70262,croats,3.0
70262,montenegrins,11.0
70262,rest,7.0
70262,undeclared,36.0
70262,regional_assoc,2.0
70262,unkown,29.0
70548,serbs,14735.0
70548,albanians,1.0
70548,bulgarians,4.0
70548,vlasi,1.0
70548,yugoslavs,1.0
70548,hungarians,4.0
70548,macedonians,11.0
70548,muslims,6.0
70548,roma,1366.0
70548,russians,3.0
70548,slovenians,1.0
70548,ukranians,3.0
70548,croats,4.0
70548,montenegrins,5.0
70548,rest,2.0
70548,undeclared,124.0
70548,unkown,97.0
70688,serbs,18528.0
70688,albanians,5.0
70688,bosnians,1.0
70688,bulgarians,1.0
70688,goranci,8.0
70688,yugoslavs,5.0
70688,hungarians,2.0
70688,macedonians,6.0
70688,roma,339.0
70688,romanians,1.0
70688,russians,5.0
70688,rusini,1.0
70688,slovenians,3.0
70688,croats,8.0
70688,montenegrins,47.0
70688,rest,7.0
70688,undeclared,163.0
70688,regional_assoc,2.0
70688,unkown,81.0
